2019-04-01T09:15:00+0530,30537.6,30623.45,30537.6,30613,0,0
2019-04-01T09:20:00+0530,30611.95,30643.55,30602.7,30628.1,0,0
2019-04-01T09:25:00+0530,30632.7,30642.45,30586.75,30611.1,0,0
2019-04-01T09:30:00+0530,30615.75,30624,30563.9,30568.55,0,0
2019-04-01T09:35:00+0530,30569.75,30596.6,30557.75,30574.2,0,0
2019-04-01T09:40:00+0530,30573.65,30587.65,30544.15,30576.25,0,0
2019-04-01T09:45:00+0530,30574.4,30589.2,30548.2,30587.85,0,0
2019-04-01T09:50:00+0530,30588.4,30599.3,30585.55,30587.85,0,0
2019-04-01T09:55:00+0530,30589.4,30590.6,30560.95,30568.15,0,0
2019-04-01T10:00:00+0530,30567.55,30590.2,30559.35,30581.4,0,0
2019-04-01T10:05:00+0530,30581.6,30618.1,30581.25,30605.7,0,0
2019-04-01T10:10:00+0530,30610.4,30612.9,30592.2,30605.05,0,0
2019-04-01T10:15:00+0530,30601.4,30616.45,30584.15,30586.45,0,0
2019-04-01T10:20:00+0530,30587,30595.7,30579.6,30585.45,0,0
2019-04-01T10:25:00+0530,30587.7,30590.35,30564.05,30564.05,0,0
2019-04-01T10:30:00+0530,30563.8,30591.95,30563.8,30578.3,0,0
2019-04-01T10:35:00+0530,30579.35,30579.35,30544.05,30547.95,0,0
2019-04-01T10:40:00+0530,30549.1,30568.05,30536.15,30553.45,0,0
2019-04-01T10:45:00+0530,30553.6,30559.65,30539.25,30555.75,0,0
2019-04-01T10:50:00+0530,30553.3,30560.05,30531.5,30550.8,0,0
2019-04-01T10:55:00+0530,30548.95,30559.25,30539.7,30550.4,0,0
2019-04-01T11:00:00+0530,30551.9,30568.8,30549.55,30557.9,0,0
2019-04-01T11:05:00+0530,30558.6,30572.1,30549.75,30570.5,0,0
2019-04-01T11:10:00+0530,30571.15,30573.95,30540.55,30561.95,0,0
2019-04-01T11:15:00+0530,30560.6,30575.05,30528.55,30535,0,0
2019-04-01T11:20:00+0530,30532.2,30539.65,30506.75,30525.65,0,0
2019-04-01T11:25:00+0530,30523.9,30531.4,30512.85,30518.4,0,0
2019-04-01T11:30:00+0530,30516.95,30529.45,30511.8,30525.9,0,0
2019-04-01T11:35:00+0530,30528.25,30558.55,30526.3,30545.8,0,0
2019-04-01T11:40:00+0530,30546.7,30551.9,30523.85,30530.55,0,0
2019-04-01T11:45:00+0530,30530.85,30549.2,30528.55,30547,0,0
2019-04-01T11:50:00+0530,30545.85,30554.55,30535.7,30541.05,0,0
2019-04-01T11:55:00+0530,30542.1,30542.1,30515.1,30526.25,0,0
2019-04-01T12:00:00+0530,30525.2,30530.65,30461.7,30463.8,0,0
2019-04-01T12:05:00+0530,30462.95,30503.2,30462.95,30490.6,0,0
2019-04-01T12:10:00+0530,30490.55,30501.45,30466.4,30475,0,0
2019-04-01T12:15:00+0530,30472.8,30478.85,30463.3,30466.65,0,0
2019-04-01T12:20:00+0530,30466.25,30481.4,30464.95,30469.55,0,0
2019-04-01T12:25:00+0530,30470.4,30472.3,30454.35,30465.2,0,0
2019-04-01T12:30:00+0530,30464.25,30509,30460.5,30490,0,0
2019-04-01T12:35:00+0530,30490.7,30522.55,30486.95,30515.45,0,0
2019-04-01T12:40:00+0530,30516.85,30531.2,30504.25,30516.4,0,0
2019-04-01T12:45:00+0530,30516.65,30533.5,30505.3,30523.6,0,0
2019-04-01T12:50:00+0530,30523.8,30524.4,30492.9,30496.7,0,0
2019-04-01T12:55:00+0530,30496.05,30514.15,30496.05,30507.6,0,0
2019-04-01T13:00:00+0530,30511.95,30511.95,30496.65,30501.75,0,0
2019-04-01T13:05:00+0530,30500.65,30533.15,30498.7,30517.5,0,0
2019-04-01T13:10:00+0530,30517.1,30525.5,30500.1,30515.45,0,0
2019-04-01T13:15:00+0530,30515.8,30536.35,30512.15,30512.15,0,0
2019-04-01T13:20:00+0530,30513.05,30524.7,30505.8,30510.1,0,0
2019-04-01T13:25:00+0530,30506.9,30509.85,30480.35,30480.7,0,0
2019-04-01T13:30:00+0530,30480.95,30503.45,30476.4,30499.65,0,0
2019-04-01T13:35:00+0530,30496.3,30498.6,30482.75,30496.5,0,0
2019-04-01T13:40:00+0530,30496.6,30515.9,30494.95,30514.45,0,0
2019-04-01T13:45:00+0530,30511.45,30521.4,30504.85,30518.8,0,0
2019-04-01T13:50:00+0530,30517.7,30532.1,30497.8,30497.8,0,0
2019-04-01T13:55:00+0530,30497.9,30504.8,30490.15,30497.4,0,0
2019-04-01T14:00:00+0530,30496.8,30592.3,30496.8,30575.95,0,0
2019-04-01T14:05:00+0530,30576.15,30632.45,30576.1,30620.8,0,0
2019-04-01T14:10:00+0530,30619.7,30646.8,30617.15,30619.65,0,0
2019-04-01T14:15:00+0530,30616,30647.2,30615.85,30629.55,0,0
2019-04-01T14:20:00+0530,30630.15,30631.9,30576.75,30593.2,0,0
2019-04-01T14:25:00+0530,30588.6,30590.35,30547.25,30574.4,0,0
2019-04-01T14:30:00+0530,30574.8,30606.4,30573.85,30589.85,0,0
2019-04-01T14:35:00+0530,30589.6,30595.45,30578.75,30580.5,0,0
2019-04-01T14:40:00+0530,30580.35,30583.4,30472.35,30494.1,0,0
2019-04-01T14:45:00+0530,30490,30521.7,30487,30509.6,0,0
2019-04-01T14:50:00+0530,30511.8,30540.2,30485.25,30512.3,0,0
2019-04-01T14:55:00+0530,30513.45,30525.55,30488.65,30491.6,0,0
2019-04-01T15:00:00+0530,30492.75,30492.75,30443.55,30471.35,0,0
2019-04-01T15:05:00+0530,30470.1,30476.85,30341.85,30378.45,0,0
2019-04-01T15:10:00+0530,30377.1,30377.1,30289.75,30329.1,0,0
2019-04-01T15:15:00+0530,30320.65,30320.65,30220,30279,0,0
2019-04-01T15:20:00+0530,30281.95,30291.75,30242.4,30249.75,0,0
2019-04-01T15:25:00+0530,30249.9,30264.3,30231.35,30241.75,0,0
2019-04-02T09:15:00+0530,30450.1,30450.1,30257.85,30261.85,0,0
2019-04-02T09:20:00+0530,30261.5,30261.5,30211.1,30212.8,0,0
2019-04-02T09:25:00+0530,30213.55,30256.2,30168.7,30256.2,0,0
2019-04-02T09:30:00+0530,30260.5,30337.25,30256.6,30337.25,0,0
2019-04-02T09:35:00+0530,30335.45,30343.45,30308.45,30327.95,0,0
2019-04-02T09:40:00+0530,30327.55,30333.05,30287.1,30298.8,0,0
2019-04-02T09:45:00+0530,30297.8,30328.15,30296.05,30314.95,0,0
2019-04-02T09:50:00+0530,30315.6,30339.85,30295.65,30298.5,0,0
2019-04-02T09:55:00+0530,30298.55,30300.45,30243.05,30243.4,0,0
2019-04-02T10:00:00+0530,30242.75,30293,30238,30289.15,0,0
2019-04-02T10:05:00+0530,30289.8,30326.05,30273.55,30308.15,0,0
2019-04-02T10:10:00+0530,30308.45,30313.3,30272.15,30306.1,0,0
2019-04-02T10:15:00+0530,30306.15,30318.85,30290.5,30311.45,0,0
2019-04-02T10:20:00+0530,30310.65,30312.25,30291.25,30299,0,0
2019-04-02T10:25:00+0530,30297,30303.15,30279.4,30292.2,0,0
2019-04-02T10:30:00+0530,30292.45,30292.45,30236.75,30239.25,0,0
2019-04-02T10:35:00+0530,30238.6,30272.85,30234.75,30265.45,0,0
2019-04-02T10:40:00+0530,30265.65,30299.25,30263.15,30299.1,0,0
2019-04-02T10:45:00+0530,30297,30312.7,30289.4,30300.2,0,0
2019-04-02T10:50:00+0530,30298.6,30307.25,30264.4,30270.35,0,0
2019-04-02T10:55:00+0530,30269.75,30288.05,30268.1,30277.5,0,0
2019-04-02T11:00:00+0530,30277.2,30277.2,30235.5,30238,0,0
2019-04-02T11:05:00+0530,30238.4,30276.9,30236.45,30275.45,0,0
2019-04-02T11:10:00+0530,30274,30280.35,30265.6,30279.2,0,0
2019-04-02T11:15:00+0530,30279.45,30314,30277.55,30313.7,0,0
2019-04-02T11:20:00+0530,30316.6,30346.7,30307.3,30339.5,0,0
2019-04-02T11:25:00+0530,30341.35,30344.65,30318.05,30339.45,0,0
2019-04-02T11:30:00+0530,30353.45,30407.8,30340.8,30390.95,0,0
2019-04-02T11:35:00+0530,30393.1,30400.05,30359.1,30359.1,0,0
2019-04-02T11:40:00+0530,30358.7,30360.65,30331.3,30337.45,0,0
2019-04-02T11:45:00+0530,30337,30347.35,30322.3,30347.35,0,0
2019-04-02T11:50:00+0530,30348.6,30351.95,30330.75,30337.6,0,0
2019-04-02T11:55:00+0530,30337.2,30342,30325.85,30339.95,0,0
2019-04-02T12:00:00+0530,30339.45,30341.95,30308.4,30325.45,0,0
2019-04-02T12:05:00+0530,30326.5,30347.95,30319.25,30346.9,0,0
2019-04-02T12:10:00+0530,30349.4,30352.25,30332.15,30342.5,0,0
2019-04-02T12:15:00+0530,30342.85,30345.1,30331,30334.6,0,0
2019-04-02T12:20:00+0530,30334.9,30369.35,30332.15,30362.9,0,0
2019-04-02T12:25:00+0530,30364.1,30365.85,30327.4,30328.4,0,0
2019-04-02T12:30:00+0530,30329.6,30339.2,30321.7,30334.55,0,0
2019-04-02T12:35:00+0530,30334.1,30355.8,30328.75,30343.05,0,0
2019-04-02T12:40:00+0530,30344.35,30360.8,30334.5,30351.4,0,0
2019-04-02T12:45:00+0530,30351.35,30361.25,30344.7,30346.2,0,0
2019-04-02T12:50:00+0530,30345.6,30352.35,30277.7,30285.3,0,0
2019-04-02T12:55:00+0530,30288.05,30302.35,30278.9,30283.75,0,0
2019-04-02T13:00:00+0530,30283.4,30284.45,30250.9,30256.1,0,0
2019-04-02T13:05:00+0530,30257.45,30285.3,30256.1,30278.05,0,0
2019-04-02T13:10:00+0530,30279.25,30297.2,30270.85,30292,0,0
2019-04-02T13:15:00+0530,30291.75,30303,30281.55,30288.95,0,0
2019-04-02T13:20:00+0530,30286.6,30326.35,30284.2,30313.7,0,0
2019-04-02T13:25:00+0530,30311.95,30325.4,30302.35,30314.2,0,0
2019-04-02T13:30:00+0530,30314.6,30322.2,30271.85,30272.45,0,0
2019-04-02T13:35:00+0530,30275,30299.4,30270.05,30282.7,0,0
2019-04-02T13:40:00+0530,30287.75,30293.95,30249.25,30251.45,0,0
2019-04-02T13:45:00+0530,30253.8,30275.05,30225.55,30269.65,0,0
2019-04-02T13:50:00+0530,30269.85,30294.65,30257.85,30282.35,0,0
2019-04-02T13:55:00+0530,30284.3,30301.05,30268,30299.55,0,0
2019-04-02T14:00:00+0530,30298.1,30317.85,30280.1,30281.7,0,0
2019-04-02T14:05:00+0530,30282.25,30282.5,30245.3,30273.8,0,0
2019-04-02T14:10:00+0530,30275.6,30276.05,30197.75,30201.25,0,0
2019-04-02T14:15:00+0530,30204.1,30209.85,30157.8,30187.15,0,0
2019-04-02T14:20:00+0530,30187.1,30223.4,30174.9,30200.1,0,0
2019-04-02T14:25:00+0530,30202.4,30249.9,30201.9,30238.95,0,0
2019-04-02T14:30:00+0530,30240.3,30242,30195,30203.15,0,0
2019-04-02T14:35:00+0530,30205.1,30253.8,30194.95,30244.05,0,0
2019-04-02T14:40:00+0530,30246.2,30248.7,30200.05,30201.1,0,0
2019-04-02T14:45:00+0530,30206.95,30256.2,30199.8,30231.6,0,0
2019-04-02T14:50:00+0530,30232.45,30280.3,30228.45,30269.6,0,0
2019-04-02T14:55:00+0530,30272.75,30281.85,30256.1,30267.05,0,0
2019-04-02T15:00:00+0530,30266.3,30274.15,30232.9,30259.35,0,0
2019-04-02T15:05:00+0530,30260.1,30291.45,30251.95,30286.75,0,0
2019-04-02T15:10:00+0530,30285.8,30345.95,30285.8,30325.25,0,0
2019-04-02T15:15:00+0530,30326.75,30434.35,30326.75,30416.45,0,0
2019-04-02T15:20:00+0530,30417.1,30442.05,30413.8,30432.1,0,0
2019-04-02T15:25:00+0530,30433.6,30447.35,30416.65,30445.75,0,0
2019-04-03T09:15:00+0530,30440.85,30601.65,30440.85,30596.45,0,0
2019-04-03T09:20:00+0530,30598.95,30600.35,30554.75,30559.15,0,0
2019-04-03T09:25:00+0530,30556.9,30589.85,30525.3,30532.9,0,0
2019-04-03T09:30:00+0530,30526.4,30551.9,30515.2,30551.9,0,0
2019-04-03T09:35:00+0530,30554.15,30565.55,30511,30527.8,0,0
2019-04-03T09:40:00+0530,30528.1,30532.95,30474.25,30494.15,0,0
2019-04-03T09:45:00+0530,30493.65,30545.5,30481.35,30509.35,0,0
2019-04-03T09:50:00+0530,30511.15,30523.5,30497.25,30509.7,0,0
2019-04-03T09:55:00+0530,30510.7,30522.65,30499.05,30500.1,0,0
2019-04-03T10:00:00+0530,30501.9,30517.35,30494.3,30515.65,0,0
2019-04-03T10:05:00+0530,30514.55,30534.05,30510.55,30522.2,0,0
2019-04-03T10:10:00+0530,30522.35,30535.55,30514.3,30533.1,0,0
2019-04-03T10:15:00+0530,30532.85,30532.85,30492.8,30501.9,0,0
2019-04-03T10:20:00+0530,30502.55,30519.75,30486.85,30516.75,0,0
2019-04-03T10:25:00+0530,30516.2,30517.85,30482.95,30498,0,0
2019-04-03T10:30:00+0530,30497.25,30497.25,30464.45,30478.45,0,0
2019-04-03T10:35:00+0530,30478.4,30509.95,30474.3,30502.15,0,0
2019-04-03T10:40:00+0530,30500.45,30502.4,30484.55,30497,0,0
2019-04-03T10:45:00+0530,30499.2,30507.9,30490.9,30491.4,0,0
2019-04-03T10:50:00+0530,30493.3,30533.6,30480.5,30528.95,0,0
2019-04-03T10:55:00+0530,30530.65,30530.75,30487.65,30491,0,0
2019-04-03T11:00:00+0530,30486.9,30492.45,30477.4,30478.2,0,0
2019-04-03T11:05:00+0530,30478.45,30495.75,30474.6,30477.85,0,0
2019-04-03T11:10:00+0530,30478,30485.65,30450.25,30462.65,0,0
2019-04-03T11:15:00+0530,30463.7,30476,30453.75,30474,0,0
2019-04-03T11:20:00+0530,30471.65,30477.7,30463.65,30470.9,0,0
2019-04-03T11:25:00+0530,30468.75,30482.05,30461.3,30473.5,0,0
2019-04-03T11:30:00+0530,30473.7,30477.3,30415.75,30434.15,0,0
2019-04-03T11:35:00+0530,30433.8,30439.2,30405.1,30405.4,0,0
2019-04-03T11:40:00+0530,30406.2,30442.7,30403.15,30438.55,0,0
2019-04-03T11:45:00+0530,30438.15,30440,30408.6,30420.3,0,0
2019-04-03T11:50:00+0530,30420.3,30456.6,30414.5,30443.15,0,0
2019-04-03T11:55:00+0530,30444.05,30470.9,30437.9,30463.5,0,0
2019-04-03T12:00:00+0530,30463.4,30471.05,30453.25,30459.05,0,0
2019-04-03T12:05:00+0530,30458.7,30478.6,30451.35,30466.35,0,0
2019-04-03T12:10:00+0530,30466.4,30479.7,30462.1,30478.8,0,0
2019-04-03T12:15:00+0530,30479.6,30488.35,30463.4,30464.55,0,0
2019-04-03T12:20:00+0530,30462.7,30463.9,30451.55,30458.3,0,0
2019-04-03T12:25:00+0530,30460.1,30461.15,30449.85,30453.45,0,0
2019-04-03T12:30:00+0530,30454,30500.05,30451.65,30487.9,0,0
2019-04-03T12:35:00+0530,30488.4,30490.6,30475.15,30479.5,0,0
2019-04-03T12:40:00+0530,30477.8,30480.7,30453.65,30460.7,0,0
2019-04-03T12:45:00+0530,30460.95,30475.4,30452.9,30472.9,0,0
2019-04-03T12:50:00+0530,30473.1,30489.2,30461.75,30461.75,0,0
2019-04-03T12:55:00+0530,30462.3,30480.4,30458.55,30466.95,0,0
2019-04-03T13:00:00+0530,30466,30485.7,30465.85,30476.15,0,0
2019-04-03T13:05:00+0530,30476.75,30478.2,30463.9,30473.05,0,0
2019-04-03T13:10:00+0530,30471.8,30518.15,30469.6,30516.1,0,0
2019-04-03T13:15:00+0530,30515.25,30529.3,30491.95,30504.45,0,0
2019-04-03T13:20:00+0530,30504.05,30510.4,30468.65,30478.65,0,0
2019-04-03T13:25:00+0530,30479.6,30488.65,30469.55,30471.15,0,0
2019-04-03T13:30:00+0530,30470.05,30496.2,30449.1,30483.15,0,0
2019-04-03T13:35:00+0530,30482.9,30493.8,30467.2,30473.5,0,0
2019-04-03T13:40:00+0530,30471.95,30479.65,30442.75,30447.9,0,0
2019-04-03T13:45:00+0530,30448.75,30472.95,30446.65,30472.25,0,0
2019-04-03T13:50:00+0530,30473.8,30503.15,30473.8,30477.75,0,0
2019-04-03T13:55:00+0530,30475.95,30483.7,30448.45,30448.45,0,0
2019-04-03T14:00:00+0530,30448.6,30472.85,30447.3,30464.5,0,0
2019-04-03T14:05:00+0530,30463.7,30475.35,30325,30328.6,0,0
2019-04-03T14:10:00+0530,30332.55,30368.35,30298.9,30365.7,0,0
2019-04-03T14:15:00+0530,30367.4,30375.55,30318.4,30340.15,0,0
2019-04-03T14:20:00+0530,30337.9,30383.4,30324.4,30361.15,0,0
2019-04-03T14:25:00+0530,30361.65,30361.65,30326.3,30345.15,0,0
2019-04-03T14:30:00+0530,30344.9,30348.7,30235.45,30263.7,0,0
2019-04-03T14:35:00+0530,30265.45,30277,30236.65,30269.15,0,0
2019-04-03T14:40:00+0530,30270.85,30309.5,30264.2,30270,0,0
2019-04-03T14:45:00+0530,30270.9,30304.45,30267.6,30272.2,0,0
2019-04-03T14:50:00+0530,30272.55,30293.35,30216.55,30237.5,0,0
2019-04-03T14:55:00+0530,30237.25,30249.65,30192.85,30234.4,0,0
2019-04-03T15:00:00+0530,30239.1,30248.9,30129.4,30149.15,0,0
2019-04-03T15:05:00+0530,30143.2,30159.9,30123.4,30152.65,0,0
2019-04-03T15:10:00+0530,30155.65,30157.3,30063.55,30068.8,0,0
2019-04-03T15:15:00+0530,30068.75,30091.55,30040.1,30076.55,0,0
2019-04-03T15:20:00+0530,30075.3,30101.6,30060.55,30094.2,0,0
2019-04-03T15:25:00+0530,30095.6,30114.65,30073.75,30081,0,0
2019-04-04T09:15:00+0530,30147.3,30147.3,30051.5,30111.1,0,0
2019-04-04T09:20:00+0530,30113.1,30123.4,30065.2,30070.4,0,0
2019-04-04T09:25:00+0530,30069.2,30119.6,30066.8,30110.15,0,0
2019-04-04T09:30:00+0530,30109.85,30160.9,30092.05,30148.35,0,0
2019-04-04T09:35:00+0530,30149,30160.4,30127.85,30128.2,0,0
2019-04-04T09:40:00+0530,30131,30158.95,30123.05,30143.2,0,0
2019-04-04T09:45:00+0530,30142.45,30145.95,30112.85,30116.9,0,0
2019-04-04T09:50:00+0530,30119.4,30124.2,30076.75,30096.6,0,0
2019-04-04T09:55:00+0530,30096.05,30117.4,30092.75,30106.8,0,0
2019-04-04T10:00:00+0530,30109.65,30128.2,30105.95,30111.6,0,0
2019-04-04T10:05:00+0530,30110.6,30124.75,30099.6,30111.5,0,0
2019-04-04T10:10:00+0530,30110.1,30116.35,30099.1,30102.95,0,0
2019-04-04T10:15:00+0530,30102.55,30109.1,30080.55,30085.05,0,0
2019-04-04T10:20:00+0530,30085.2,30089.4,30072.45,30081.4,0,0
2019-04-04T10:25:00+0530,30082.05,30108.35,30080.5,30105.55,0,0
2019-04-04T10:30:00+0530,30104.9,30109.55,30091.9,30105,0,0
2019-04-04T10:35:00+0530,30105.1,30115.65,30093.75,30100.7,0,0
2019-04-04T10:40:00+0530,30103.05,30110.85,30076.7,30078,0,0
2019-04-04T10:45:00+0530,30078.85,30091.05,30078.65,30088.7,0,0
2019-04-04T10:50:00+0530,30088.1,30112.9,30085.2,30112.3,0,0
2019-04-04T10:55:00+0530,30110.55,30130.75,30110.55,30118.85,0,0
2019-04-04T11:00:00+0530,30115.6,30123.65,30100,30105.4,0,0
2019-04-04T11:05:00+0530,30104.6,30120.05,30093.5,30117.1,0,0
2019-04-04T11:10:00+0530,30117.35,30148.95,30115.15,30137.45,0,0
2019-04-04T11:15:00+0530,30135.65,30140.75,30108.75,30119.6,0,0
2019-04-04T11:20:00+0530,30119.35,30130.7,30110.6,30117.6,0,0
2019-04-04T11:25:00+0530,30117.65,30141.05,30114.35,30130,0,0
2019-04-04T11:30:00+0530,30131.95,30137,30108.8,30115.45,0,0
2019-04-04T11:35:00+0530,30118.3,30130.5,30109.65,30125.35,0,0
2019-04-04T11:40:00+0530,30124.65,30125.2,30084.85,30110.45,0,0
2019-04-04T11:45:00+0530,30112.45,30164.3,30029.6,30086.35,0,0
2019-04-04T11:50:00+0530,30082.75,30096.1,29963.95,30002,0,0
2019-04-04T11:55:00+0530,29999.65,29999.65,29912.5,29975.4,0,0
2019-04-04T12:00:00+0530,29973.1,30052.6,29967.45,30005.1,0,0
2019-04-04T12:05:00+0530,30006.55,30014.95,29966.4,29987.8,0,0
2019-04-04T12:10:00+0530,29990.2,30031.3,29990.2,30020.8,0,0
2019-04-04T12:15:00+0530,30022.6,30169.05,30014.05,30168.6,0,0
2019-04-04T12:20:00+0530,30171.15,30244.65,30154.45,30195.85,0,0
2019-04-04T12:25:00+0530,30198.65,30206.05,30139.65,30155.7,0,0
2019-04-04T12:30:00+0530,30154.4,30163.6,30112.75,30143.3,0,0
2019-04-04T12:35:00+0530,30142.55,30146.65,30098.8,30130.85,0,0
2019-04-04T12:40:00+0530,30128.45,30152.65,30120.3,30128.8,0,0
2019-04-04T12:45:00+0530,30128.5,30129.5,30083.35,30117.15,0,0
2019-04-04T12:50:00+0530,30115.35,30155,30097.4,30152.5,0,0
2019-04-04T12:55:00+0530,30151.45,30177.5,30134.05,30159.6,0,0
2019-04-04T13:00:00+0530,30159.75,30185.7,30154.75,30166.35,0,0
2019-04-04T13:05:00+0530,30163.2,30179.7,30148.9,30164.85,0,0
2019-04-04T13:10:00+0530,30165.85,30176.5,30158.6,30167.9,0,0
2019-04-04T13:15:00+0530,30167.1,30169.7,30117.55,30130.9,0,0
2019-04-04T13:20:00+0530,30130.45,30162.45,30120.7,30157.45,0,0
2019-04-04T13:25:00+0530,30154.2,30195.85,30154.2,30174.6,0,0
2019-04-04T13:30:00+0530,30171.35,30228.3,30168.1,30217.55,0,0
2019-04-04T13:35:00+0530,30218.25,30241.15,30203.15,30205.15,0,0
2019-04-04T13:40:00+0530,30204.3,30207.05,30171.45,30196.9,0,0
2019-04-04T13:45:00+0530,30196.5,30202.85,30146.75,30171.65,0,0
2019-04-04T13:50:00+0530,30171.75,30171.75,30117.95,30144.15,0,0
2019-04-04T13:55:00+0530,30142.7,30166.35,30102.9,30107.55,0,0
2019-04-04T14:00:00+0530,30107.4,30130.1,30048.75,30062.35,0,0
2019-04-04T14:05:00+0530,30058.65,30061.55,30021,30038.9,0,0
2019-04-04T14:10:00+0530,30040.55,30078.2,30040.3,30063.25,0,0
2019-04-04T14:15:00+0530,30060.8,30066.65,29908.55,29926.8,0,0
2019-04-04T14:20:00+0530,29930.35,29938.05,29879.35,29935.75,0,0
2019-04-04T14:25:00+0530,29937.35,29964.1,29911.3,29942.9,0,0
2019-04-04T14:30:00+0530,29943.15,29943.15,29842.9,29846.6,0,0
2019-04-04T14:35:00+0530,29845.05,29867.5,29811.85,29859.4,0,0
2019-04-04T14:40:00+0530,29859.7,29896.2,29856.3,29879.15,0,0
2019-04-04T14:45:00+0530,29880.25,29916.25,29864.2,29912.65,0,0
2019-04-04T14:50:00+0530,29909.75,29909.75,29869.25,29896.75,0,0
2019-04-04T14:55:00+0530,29899.4,29949,29883.7,29905.5,0,0
2019-04-04T15:00:00+0530,29905.5,29915.95,29876.3,29889.25,0,0
2019-04-04T15:05:00+0530,29889.95,29935.9,29889.95,29920.75,0,0
2019-04-04T15:10:00+0530,29919.9,29931.4,29885.15,29890.3,0,0
2019-04-04T15:15:00+0530,29886.75,29901.2,29882.7,29897.85,0,0
2019-04-04T15:20:00+0530,29897.05,29927.85,29896.85,29926.4,0,0
2019-04-04T15:25:00+0530,29922.2,29945.5,29922.2,29937.75,0,0
2019-04-05T09:15:00+0530,30002.85,30063.2,29995.35,30062.25,0,0
2019-04-05T09:20:00+0530,30063.2,30097.05,30058.55,30085.35,0,0
2019-04-05T09:25:00+0530,30083.75,30118.1,30079.45,30098.95,0,0
2019-04-05T09:30:00+0530,30099.8,30108.35,30063.7,30079.65,0,0
2019-04-05T09:35:00+0530,30079.85,30081.65,30045.95,30064.55,0,0
2019-04-05T09:40:00+0530,30065.85,30080.35,30062.25,30062.25,0,0
2019-04-05T09:45:00+0530,30063.1,30070.1,30036.95,30037.35,0,0
2019-04-05T09:50:00+0530,30037.6,30061.3,30034.35,30051.1,0,0
2019-04-05T09:55:00+0530,30050.2,30056.5,30038.45,30042.7,0,0
2019-04-05T10:00:00+0530,30052.35,30064.75,30041.4,30054.7,0,0
2019-04-05T10:05:00+0530,30054.7,30072.05,30047.95,30062.45,0,0
2019-04-05T10:10:00+0530,30064.65,30070.25,30026.2,30030.1,0,0
2019-04-05T10:15:00+0530,30027.55,30030.65,30002.6,30014.5,0,0
2019-04-05T10:20:00+0530,30011.95,30015.05,29984.95,30014.55,0,0
2019-04-05T10:25:00+0530,30016.9,30016.9,29968.7,29992.2,0,0
2019-04-05T10:30:00+0530,29994.35,30011.25,29982.6,29999.15,0,0
2019-04-05T10:35:00+0530,29999.95,30009.95,29982.3,29989.6,0,0
2019-04-05T10:40:00+0530,29990,30016.55,29987.7,30008.3,0,0
2019-04-05T10:45:00+0530,30007.4,30008.65,29986.35,30003.45,0,0
2019-04-05T10:50:00+0530,30005.15,30031.9,29999.95,30009.6,0,0
2019-04-05T10:55:00+0530,30010.75,30029.05,30001.95,30009.35,0,0
2019-04-05T11:00:00+0530,30006.45,30018.45,29987.85,30016.2,0,0
2019-04-05T11:05:00+0530,30016.2,30017.4,29989.8,30006.75,0,0
2019-04-05T11:10:00+0530,30005.25,30006.55,29935.75,29940.3,0,0
2019-04-05T11:15:00+0530,29941.8,29941.8,29899,29914.65,0,0
2019-04-05T11:20:00+0530,29916.25,29929.65,29892.4,29892.4,0,0
2019-04-05T11:25:00+0530,29895.25,29924.6,29892.6,29921.3,0,0
2019-04-05T11:30:00+0530,29921.25,29945.95,29919.7,29941.3,0,0
2019-04-05T11:35:00+0530,29940.3,29944.05,29901.75,29903.65,0,0
2019-04-05T11:40:00+0530,29903.6,29923.7,29877,29920.7,0,0
2019-04-05T11:45:00+0530,29917.15,29930.1,29899,29922.65,0,0
2019-04-05T11:50:00+0530,29921.65,29941.25,29920.7,29935.4,0,0
2019-04-05T11:55:00+0530,29935.3,29953.7,29931.75,29947.85,0,0
2019-04-05T12:00:00+0530,29946.95,29961.85,29943.9,29948.65,0,0
2019-04-05T12:05:00+0530,29946.8,29951.15,29923.3,29944.55,0,0
2019-04-05T12:10:00+0530,29946.6,29952.4,29923.15,29930.8,0,0
2019-04-05T12:15:00+0530,29930.9,29933.95,29888.45,29891.65,0,0
2019-04-05T12:20:00+0530,29892.25,29904.45,29870.55,29900.3,0,0
2019-04-05T12:25:00+0530,29899.85,29909.85,29887.35,29887.35,0,0
2019-04-05T12:30:00+0530,29883.8,29888,29852.1,29877.2,0,0
2019-04-05T12:35:00+0530,29877.45,29912.5,29866.1,29895.2,0,0
2019-04-05T12:40:00+0530,29895.3,29904.9,29890.25,29904.2,0,0
2019-04-05T12:45:00+0530,29903.5,29922.35,29896.4,29920.25,0,0
2019-04-05T12:50:00+0530,29920.9,29950.15,29909.75,29914.25,0,0
2019-04-05T12:55:00+0530,29913.7,29922.8,29893.1,29919.7,0,0
2019-04-05T13:00:00+0530,29920.3,29940.45,29914.5,29936.9,0,0
2019-04-05T13:05:00+0530,29937.9,29943.4,29917.2,29929.4,0,0
2019-04-05T13:10:00+0530,29931.05,29936.65,29912.05,29932.45,0,0
2019-04-05T13:15:00+0530,29935.5,30013,29932.7,30009.45,0,0
2019-04-05T13:20:00+0530,30009.8,30016.7,29975.2,29985.85,0,0
2019-04-05T13:25:00+0530,29988.35,29995.9,29969.05,29969.05,0,0
2019-04-05T13:30:00+0530,29970.5,29976.2,29939.65,29960.7,0,0
2019-04-05T13:35:00+0530,29962.25,30009.6,29957.1,30009.6,0,0
2019-04-05T13:40:00+0530,30009.95,30012.75,29970.9,29991.75,0,0
2019-04-05T13:45:00+0530,29987.55,29992.35,29956.5,29956.5,0,0
2019-04-05T13:50:00+0530,29955.7,29962.1,29930.85,29953.95,0,0
2019-04-05T13:55:00+0530,29953.6,29974.5,29942.2,29963.65,0,0
2019-04-05T14:00:00+0530,29964.05,29974.15,29899.8,29920.85,0,0
2019-04-05T14:05:00+0530,29923.45,29937.55,29890.55,29897.7,0,0
2019-04-05T14:10:00+0530,29898.35,29961.95,29895.25,29938.3,0,0
2019-04-05T14:15:00+0530,29937.4,29946.3,29925.95,29939.7,0,0
2019-04-05T14:20:00+0530,29940.2,29949.65,29914.35,29924.45,0,0
2019-04-05T14:25:00+0530,29926,29952.9,29917.95,29945.8,0,0
2019-04-05T14:30:00+0530,29947.2,29985.1,29939.7,29949.8,0,0
2019-04-05T14:35:00+0530,29951.3,29969.35,29921.3,29931.65,0,0
2019-04-05T14:40:00+0530,29932.5,29956.95,29929.25,29935.05,0,0
2019-04-05T14:45:00+0530,29934.75,29957.1,29919.9,29954,0,0
2019-04-05T14:50:00+0530,29953.8,29978.35,29943.45,29957.65,0,0
2019-04-05T14:55:00+0530,29956.15,29969.25,29946.8,29964.95,0,0
2019-04-05T15:00:00+0530,29967.9,29976.7,29954.65,29960.85,0,0
2019-04-05T15:05:00+0530,29961.9,30034.25,29961.45,30032.2,0,0
2019-04-05T15:10:00+0530,30031.05,30052.55,30023.4,30049.9,0,0
2019-04-05T15:15:00+0530,30049,30131.3,30048.95,30125.9,0,0
2019-04-05T15:20:00+0530,30125.25,30171.75,30125.25,30149.25,0,0
2019-04-05T15:25:00+0530,30150.8,30162.75,30119.95,30130.5,0,0
2019-04-08T09:15:00+0530,30201.5,30231.9,30123.85,30134.8,0,0
2019-04-08T09:20:00+0530,30138.4,30145,30112.8,30135.8,0,0
2019-04-08T09:25:00+0530,30134.95,30159.35,30117.25,30155.15,0,0
2019-04-08T09:30:00+0530,30156.9,30184.45,30144.95,30144.95,0,0
2019-04-08T09:35:00+0530,30144.9,30148.45,30081.6,30097.2,0,0
2019-04-08T09:40:00+0530,30097.5,30105.85,30059.3,30100.55,0,0
2019-04-08T09:45:00+0530,30096.95,30122.15,30073.5,30122.15,0,0
2019-04-08T09:50:00+0530,30122.7,30141.25,30115.85,30130.3,0,0
2019-04-08T09:55:00+0530,30134.3,30163.15,30126.85,30129.9,0,0
2019-04-08T10:00:00+0530,30126.35,30167.4,30126.35,30159.5,0,0
2019-04-08T10:05:00+0530,30158.15,30160.95,30130.45,30146.45,0,0
2019-04-08T10:10:00+0530,30146.4,30159.85,30132.8,30132.8,0,0
2019-04-08T10:15:00+0530,30132.6,30147.4,30123.85,30135.65,0,0
2019-04-08T10:20:00+0530,30136.2,30140.6,30117.4,30137.15,0,0
2019-04-08T10:25:00+0530,30137.35,30142,30113.65,30116.95,0,0
2019-04-08T10:30:00+0530,30117.05,30126.9,30098,30115.6,0,0
2019-04-08T10:35:00+0530,30117.35,30125.7,30099.15,30105.7,0,0
2019-04-08T10:40:00+0530,30106.9,30114.15,30103.05,30110.8,0,0
2019-04-08T10:45:00+0530,30113.95,30134.6,30113.95,30122.45,0,0
2019-04-08T10:50:00+0530,30119.85,30128,30101.2,30103.65,0,0
2019-04-08T10:55:00+0530,30103.9,30113.3,30093,30112.55,0,0
2019-04-08T11:00:00+0530,30113.55,30128.15,30103.95,30117.2,0,0
2019-04-08T11:05:00+0530,30116.9,30123.8,30086.9,30088.8,0,0
2019-04-08T11:10:00+0530,30087.55,30101.35,30080.85,30099.15,0,0
2019-04-08T11:15:00+0530,30100.25,30111.05,30090.25,30105.05,0,0
2019-04-08T11:20:00+0530,30103.95,30129.15,30103.95,30128.8,0,0
2019-04-08T11:25:00+0530,30130.75,30155.85,30122.5,30126.2,0,0
2019-04-08T11:30:00+0530,30127.55,30141.8,30114.15,30121.5,0,0
2019-04-08T11:35:00+0530,30120.85,30128.05,30094.7,30101.35,0,0
2019-04-08T11:40:00+0530,30099.95,30112.8,30089.5,30095.4,0,0
2019-04-08T11:45:00+0530,30094.9,30106,30091.95,30093.25,0,0
2019-04-08T11:50:00+0530,30092.4,30100.55,30037.5,30056.35,0,0
2019-04-08T11:55:00+0530,30060.7,30090.75,30050.95,30089.95,0,0
2019-04-08T12:00:00+0530,30090.1,30095,30063.1,30063.8,0,0
2019-04-08T12:05:00+0530,30065,30080.8,30061.45,30068.45,0,0
2019-04-08T12:10:00+0530,30067.7,30086.5,30061.05,30062.5,0,0
2019-04-08T12:15:00+0530,30062.95,30076.45,30054.15,30054.15,0,0
2019-04-08T12:20:00+0530,30055.1,30110.3,30052.3,30109.7,0,0
2019-04-08T12:25:00+0530,30105.9,30109.85,30090.95,30094.8,0,0
2019-04-08T12:30:00+0530,30094.4,30108.2,30081.5,30095.3,0,0
2019-04-08T12:35:00+0530,30096.6,30098.8,30062.65,30062.8,0,0
2019-04-08T12:40:00+0530,30063.85,30086.4,30056.15,30062.1,0,0
2019-04-08T12:45:00+0530,30061.5,30066,30047.55,30055.55,0,0
2019-04-08T12:50:00+0530,30056.6,30086,30051.65,30077.5,0,0
2019-04-08T12:55:00+0530,30077.85,30080.65,30067.7,30075.6,0,0
2019-04-08T13:00:00+0530,30074.8,30075.65,30003.15,30025.35,0,0
2019-04-08T13:05:00+0530,30025.35,30042.25,30004.1,30026.7,0,0
2019-04-08T13:10:00+0530,30027.35,30043.2,30012,30021.9,0,0
2019-04-08T13:15:00+0530,30022.25,30027.6,30009.25,30023.15,0,0
2019-04-08T13:20:00+0530,30023.5,30042.25,30019.8,30020.05,0,0
2019-04-08T13:25:00+0530,30021,30030.95,29920.1,29938.65,0,0
2019-04-08T13:30:00+0530,29935.6,29939.4,29885.35,29903.5,0,0
2019-04-08T13:35:00+0530,29903.4,29911.8,29884.45,29895.6,0,0
2019-04-08T13:40:00+0530,29896,29926.2,29873.65,29902.1,0,0
2019-04-08T13:45:00+0530,29902.5,29911.25,29881.85,29883.1,0,0
2019-04-08T13:50:00+0530,29883.35,29884.65,29815.9,29841.75,0,0
2019-04-08T13:55:00+0530,29839.6,29860.7,29807.1,29812.3,0,0
2019-04-08T14:00:00+0530,29810,29829.1,29790.1,29821.55,0,0
2019-04-08T14:05:00+0530,29821.8,29858.95,29815.75,29848.35,0,0
2019-04-08T14:10:00+0530,29850.65,29857.4,29824.7,29836.6,0,0
2019-04-08T14:15:00+0530,29839.1,29844.1,29807.9,29811.55,0,0
2019-04-08T14:20:00+0530,29811.65,29813.2,29745.7,29769.75,0,0
2019-04-08T14:25:00+0530,29770.8,29773.55,29726.9,29747.65,0,0
2019-04-08T14:30:00+0530,29748.7,29797.25,29744.4,29769.45,0,0
2019-04-08T14:35:00+0530,29768.25,29772,29719.75,29720,0,0
2019-04-08T14:40:00+0530,29717.5,29771.55,29717.5,29765.1,0,0
2019-04-08T14:45:00+0530,29766.55,29788.95,29737,29755.35,0,0
2019-04-08T14:50:00+0530,29756.8,29801.6,29753.15,29786.85,0,0
2019-04-08T14:55:00+0530,29786.45,29797.65,29738.75,29749.25,0,0
2019-04-08T15:00:00+0530,29749,29854.8,29747.65,29849.15,0,0
2019-04-08T15:05:00+0530,29848.15,29853.9,29823.8,29850.25,0,0
2019-04-08T15:10:00+0530,29851.55,29861.75,29824.35,29841.4,0,0
2019-04-08T15:15:00+0530,29840.05,29867.05,29837.2,29866.15,0,0
2019-04-08T15:20:00+0530,29868.9,29869.4,29814.65,29845.6,0,0
2019-04-08T15:25:00+0530,29845.25,29871.1,29844.45,29846.35,0,0
2019-04-09T09:15:00+0530,29901.5,29914,29745.1,29820.75,0,0
2019-04-09T09:20:00+0530,29819.75,29857.2,29810.55,29826.35,0,0
2019-04-09T09:25:00+0530,29825.5,29838.2,29810.5,29831.3,0,0
2019-04-09T09:30:00+0530,29830.2,29830.2,29787.35,29795.55,0,0
2019-04-09T09:35:00+0530,29792.75,29801.05,29758.7,29783.25,0,0
2019-04-09T09:40:00+0530,29778.5,29816.1,29778.5,29803.7,0,0
2019-04-09T09:45:00+0530,29804.8,29893.4,29790.4,29883.35,0,0
2019-04-09T09:50:00+0530,29885.5,29933.15,29867.25,29895.1,0,0
2019-04-09T09:55:00+0530,29894.25,29896,29859.15,29865.55,0,0
2019-04-09T10:00:00+0530,29865.7,29899.15,29865.45,29894.9,0,0
2019-04-09T10:05:00+0530,29894.45,29910.8,29859.5,29871.25,0,0
2019-04-09T10:10:00+0530,29872.25,29873.4,29842.75,29846.45,0,0
2019-04-09T10:15:00+0530,29848.4,29861.6,29812.2,29816.1,0,0
2019-04-09T10:20:00+0530,29816.5,29850.6,29802.3,29822.5,0,0
2019-04-09T10:25:00+0530,29821.05,29844,29801.2,29806.65,0,0
2019-04-09T10:30:00+0530,29804.7,29804.7,29771.15,29793.05,0,0
2019-04-09T10:35:00+0530,29796.9,29817.55,29793.7,29812.35,0,0
2019-04-09T10:40:00+0530,29812.5,29843.2,29810.7,29829.5,0,0
2019-04-09T10:45:00+0530,29830.7,29837.65,29810.05,29810.05,0,0
2019-04-09T10:50:00+0530,29809.8,29809.8,29789.65,29789.9,0,0
2019-04-09T10:55:00+0530,29791.2,29806.8,29772.9,29792.15,0,0
2019-04-09T11:00:00+0530,29792.05,29798.2,29741,29741,0,0
2019-04-09T11:05:00+0530,29741.6,29760.9,29723.75,29752.05,0,0
2019-04-09T11:10:00+0530,29750.6,29792.55,29749.35,29791.15,0,0
2019-04-09T11:15:00+0530,29789.95,29794.25,29760.1,29771.95,0,0
2019-04-09T11:20:00+0530,29770.45,29793.45,29764.75,29775,0,0
2019-04-09T11:25:00+0530,29774.15,29789.7,29766.85,29789.5,0,0
2019-04-09T11:30:00+0530,29789.4,29791.85,29766.45,29769.7,0,0
2019-04-09T11:35:00+0530,29771.25,29782.05,29766.25,29766.25,0,0
2019-04-09T11:40:00+0530,29767.8,29786.95,29765.4,29786.2,0,0
2019-04-09T11:45:00+0530,29787,29803.8,29764.6,29766.15,0,0
2019-04-09T11:50:00+0530,29765.35,29782.25,29763.45,29780.9,0,0
2019-04-09T11:55:00+0530,29781,29782.2,29769.3,29773.6,0,0
2019-04-09T12:00:00+0530,29773.65,29782.6,29750.95,29750.95,0,0
2019-04-09T12:05:00+0530,29751.9,29755.75,29726.15,29743.45,0,0
2019-04-09T12:10:00+0530,29743.7,29751.85,29738.5,29742.25,0,0
2019-04-09T12:15:00+0530,29740.8,29778,29739.4,29756,0,0
2019-04-09T12:20:00+0530,29754.8,29757.2,29735.3,29735.3,0,0
2019-04-09T12:25:00+0530,29733.15,29735.2,29704.55,29722.65,0,0
2019-04-09T12:30:00+0530,29721.8,29770.85,29718.7,29770.85,0,0
2019-04-09T12:35:00+0530,29771.45,29778.95,29745.95,29750.4,0,0
2019-04-09T12:40:00+0530,29748.35,29761.35,29731.95,29761.35,0,0
2019-04-09T12:45:00+0530,29761.35,29809.2,29759.85,29804.55,0,0
2019-04-09T12:50:00+0530,29805.4,29886.6,29798.65,29837.5,0,0
2019-04-09T12:55:00+0530,29847.45,29860.05,29827.8,29854.95,0,0
2019-04-09T13:00:00+0530,29855.25,29889.45,29820,29821.15,0,0
2019-04-09T13:05:00+0530,29819.35,29841.5,29802.05,29807.15,0,0
2019-04-09T13:10:00+0530,29805.55,29830.7,29785.45,29828.5,0,0
2019-04-09T13:15:00+0530,29832.2,29848.35,29814.95,29837.65,0,0
2019-04-09T13:20:00+0530,29834.8,29839.55,29807.8,29830.35,0,0
2019-04-09T13:25:00+0530,29831.35,29857.8,29830.95,29834.1,0,0
2019-04-09T13:30:00+0530,29833.9,29860.1,29830.8,29848.35,0,0
2019-04-09T13:35:00+0530,29844.2,29845.85,29803.75,29828,0,0
2019-04-09T13:40:00+0530,29827.85,29846.55,29814.95,29836.8,0,0
2019-04-09T13:45:00+0530,29837.2,29847.8,29824.15,29825,0,0
2019-04-09T13:50:00+0530,29824.65,29922.4,29824.65,29912.15,0,0
2019-04-09T13:55:00+0530,29912.2,29990.85,29912.2,29978.45,0,0
2019-04-09T14:00:00+0530,29976.15,30032.75,29963.3,29964.55,0,0
2019-04-09T14:05:00+0530,29962.85,30001.4,29942.15,29994.3,0,0
2019-04-09T14:10:00+0530,29996.45,29997.45,29957.45,29978.5,0,0
2019-04-09T14:15:00+0530,29979.15,30048.65,29979.15,30027.1,0,0
2019-04-09T14:20:00+0530,30031.75,30053.05,30006.85,30051.5,0,0
2019-04-09T14:25:00+0530,30050.9,30066.35,30020.5,30053.2,0,0
2019-04-09T14:30:00+0530,30055.05,30064.95,30022,30035.5,0,0
2019-04-09T14:35:00+0530,30035.35,30035.9,29959.4,29976.85,0,0
2019-04-09T14:40:00+0530,29975.45,30029.6,29974.2,30007.2,0,0
2019-04-09T14:45:00+0530,30008.2,30041.1,30004.15,30034.8,0,0
2019-04-09T14:50:00+0530,30037.4,30039.45,29987.7,30008.4,0,0
2019-04-09T14:55:00+0530,30008.4,30023.05,29990.35,29993.35,0,0
2019-04-09T15:00:00+0530,29993.1,30057.45,29993.1,30049.6,0,0
2019-04-09T15:05:00+0530,30053.85,30081.25,30032.35,30077.15,0,0
2019-04-09T15:10:00+0530,30079.05,30132.1,30066.8,30126.85,0,0
2019-04-09T15:15:00+0530,30128.85,30163.6,30125.25,30160.4,0,0
2019-04-09T15:20:00+0530,30162.2,30162.2,30140.2,30150.65,0,0
2019-04-09T15:25:00+0530,30150.4,30153.15,30133.75,30143.5,0,0
2019-04-10T09:15:00+0530,29916.6,30080,29916.6,30074.35,0,0
2019-04-10T09:20:00+0530,30075.35,30113.25,30044.6,30098.95,0,0
2019-04-10T09:25:00+0530,30100.55,30119.75,30055.4,30101.05,0,0
2019-04-10T09:30:00+0530,30098.75,30115.55,30072.55,30083.05,0,0
2019-04-10T09:35:00+0530,30081.5,30094.05,30063.25,30091.15,0,0
2019-04-10T09:40:00+0530,30090.55,30110.35,30084.05,30110.35,0,0
2019-04-10T09:45:00+0530,30110.35,30140.4,30084.85,30139.3,0,0
2019-04-10T09:50:00+0530,30138.2,30142.1,30104.35,30113.5,0,0
2019-04-10T09:55:00+0530,30113.95,30116.4,30085.15,30095.4,0,0
2019-04-10T10:00:00+0530,30094.65,30115.65,30078.8,30111.85,0,0
2019-04-10T10:05:00+0530,30112.1,30112.8,30082.1,30089.1,0,0
2019-04-10T10:10:00+0530,30089.8,30112,30083.9,30110.4,0,0
2019-04-10T10:15:00+0530,30109.75,30141.65,30109.75,30117.1,0,0
2019-04-10T10:20:00+0530,30116.7,30121.85,30098.6,30120.4,0,0
2019-04-10T10:25:00+0530,30120.2,30133.1,30105.15,30109.25,0,0
2019-04-10T10:30:00+0530,30110.4,30154.9,30110.15,30141.35,0,0
2019-04-10T10:35:00+0530,30141.15,30147.1,30112.1,30120.05,0,0
2019-04-10T10:40:00+0530,30120.7,30126.15,30088.95,30092.6,0,0
2019-04-10T10:45:00+0530,30095.2,30097.65,30059,30075.6,0,0
2019-04-10T10:50:00+0530,30075.95,30097.25,30068.45,30081.7,0,0
2019-04-10T10:55:00+0530,30084.7,30100.75,29957.7,30056,0,0
2019-04-10T11:00:00+0530,30073.3,30073.3,29974.3,30002.55,0,0
2019-04-10T11:05:00+0530,30003.25,30013.85,29979.15,29991.95,0,0
2019-04-10T11:10:00+0530,29995.45,30019,29995.45,30003.75,0,0
2019-04-10T11:15:00+0530,30006.85,30035.15,30001.75,30023.95,0,0
2019-04-10T11:20:00+0530,30025.3,30027.3,30000.25,30000.35,0,0
2019-04-10T11:25:00+0530,30000.7,30032.35,30000.7,30018.95,0,0
2019-04-10T11:30:00+0530,30018.55,30026,30008.35,30010.85,0,0
2019-04-10T11:35:00+0530,30010.2,30021.95,29926.25,29955.95,0,0
2019-04-10T11:40:00+0530,29956.05,29983.75,29929.9,29978.3,0,0
2019-04-10T11:45:00+0530,29978.1,30013.85,29976.3,30008.95,0,0
2019-04-10T11:50:00+0530,30012.55,30037.75,30006.4,30010.5,0,0
2019-04-10T11:55:00+0530,30012.15,30013.75,29995.55,30003,0,0
2019-04-10T12:00:00+0530,30003.75,30007.6,29978.2,30001.1,0,0
2019-04-10T12:05:00+0530,30001.35,30007.45,29984.1,29985.9,0,0
2019-04-10T12:10:00+0530,29985.2,30012.55,29980.45,30010.9,0,0
2019-04-10T12:15:00+0530,30010.7,30011.85,29994.45,29999.35,0,0
2019-04-10T12:20:00+0530,29998.75,30030.4,29998.4,30016.6,0,0
2019-04-10T12:25:00+0530,30017.25,30026.6,30011.7,30013.1,0,0
2019-04-10T12:30:00+0530,30014.15,30051.9,30009.75,30037.9,0,0
2019-04-10T12:35:00+0530,30037.5,30067,30033.55,30053.05,0,0
2019-04-10T12:40:00+0530,30052.65,30078.55,30041,30048.5,0,0
2019-04-10T12:45:00+0530,30049.8,30061,30042.55,30059.9,0,0
2019-04-10T12:50:00+0530,30060.45,30060.45,30039.35,30039.35,0,0
2019-04-10T12:55:00+0530,30042.85,30055.15,30035.85,30054.3,0,0
2019-04-10T13:00:00+0530,30056,30102.85,30056,30095.2,0,0
2019-04-10T13:05:00+0530,30097.6,30101.4,30060.55,30069.45,0,0
2019-04-10T13:10:00+0530,30069.3,30082,30064.75,30065.75,0,0
2019-04-10T13:15:00+0530,30065.7,30067.1,30043.5,30052.2,0,0
2019-04-10T13:20:00+0530,30052.3,30071.35,30051.85,30058.45,0,0
2019-04-10T13:25:00+0530,30059.15,30064.05,29970.75,29972.6,0,0
2019-04-10T13:30:00+0530,29968.55,29968.55,29880.7,29880.7,0,0
2019-04-10T13:35:00+0530,29881.75,29929.45,29857.05,29873.9,0,0
2019-04-10T13:40:00+0530,29872.4,29918.7,29867.6,29903.55,0,0
2019-04-10T13:45:00+0530,29905.7,29925.05,29881.6,29915.3,0,0
2019-04-10T13:50:00+0530,29913.8,29916.15,29891.65,29907.65,0,0
2019-04-10T13:55:00+0530,29901.95,29921.15,29865.35,29916.8,0,0
2019-04-10T14:00:00+0530,29918.2,29950.65,29904.85,29924.2,0,0
2019-04-10T14:05:00+0530,29922.7,29936.5,29898.35,29899.45,0,0
2019-04-10T14:10:00+0530,29901.25,29915.2,29876.65,29890.9,0,0
2019-04-10T14:15:00+0530,29894.15,29896.4,29822.65,29834.25,0,0
2019-04-10T14:20:00+0530,29836.9,29850.25,29794.8,29795.55,0,0
2019-04-10T14:25:00+0530,29797.3,29817,29779.15,29813.6,0,0
2019-04-10T14:30:00+0530,29815.05,29874.9,29770.65,29874.9,0,0
2019-04-10T14:35:00+0530,29875.15,29876.35,29843.3,29853.8,0,0
2019-04-10T14:40:00+0530,29855.45,29865.6,29837,29865.6,0,0
2019-04-10T14:45:00+0530,29865.95,29880.35,29843.95,29865.85,0,0
2019-04-10T14:50:00+0530,29866.6,29921.65,29866.35,29900.3,0,0
2019-04-10T14:55:00+0530,29899.5,29905.6,29877.85,29900,0,0
2019-04-10T15:00:00+0530,29900.15,29900.15,29811.55,29811.55,0,0
2019-04-10T15:05:00+0530,29811.5,29835.4,29800.2,29808.35,0,0
2019-04-10T15:10:00+0530,29808.8,29811.8,29769.45,29806.9,0,0
2019-04-10T15:15:00+0530,29804.85,29806.85,29772.65,29794.85,0,0
2019-04-10T15:20:00+0530,29794.3,29811.05,29773.15,29811.05,0,0
2019-04-10T15:25:00+0530,29811.8,29821.35,29779.45,29788.85,0,0
2019-04-11T09:15:00+0530,29841.85,29841.85,29738.75,29759.85,0,0
2019-04-11T09:20:00+0530,29762,29803.8,29762,29803.1,0,0
2019-04-11T09:25:00+0530,29800.75,29800.75,29774.15,29781.75,0,0
2019-04-11T09:30:00+0530,29780,29781.1,29747.25,29756.55,0,0
2019-04-11T09:35:00+0530,29758.35,29791.35,29756.1,29771.35,0,0
2019-04-11T09:40:00+0530,29772.8,29796.7,29764.55,29765.8,0,0
2019-04-11T09:45:00+0530,29763.8,29776.3,29745.4,29769.5,0,0
2019-04-11T09:50:00+0530,29768.75,29783.05,29757.3,29767.65,0,0
2019-04-11T09:55:00+0530,29767.45,29782.4,29747.85,29747.85,0,0
2019-04-11T10:00:00+0530,29747.7,29755.05,29713.1,29737.2,0,0
2019-04-11T10:05:00+0530,29736.95,29736.95,29683.15,29687,0,0
2019-04-11T10:10:00+0530,29686.9,29713.9,29684.4,29711.55,0,0
2019-04-11T10:15:00+0530,29711.95,29733.7,29711.95,29725.8,0,0
2019-04-11T10:20:00+0530,29725.7,29731.4,29696.95,29706.4,0,0
2019-04-11T10:25:00+0530,29707.35,29734.6,29702.35,29719.75,0,0
2019-04-11T10:30:00+0530,29718.6,29719.4,29697.7,29710.8,0,0
2019-04-11T10:35:00+0530,29709.85,29725.2,29705.45,29707.45,0,0
2019-04-11T10:40:00+0530,29707.3,29722.95,29703.5,29716.8,0,0
2019-04-11T10:45:00+0530,29714.8,29738.1,29714.25,29734.6,0,0
2019-04-11T10:50:00+0530,29739.05,29761.5,29729.75,29759.5,0,0
2019-04-11T10:55:00+0530,29759.5,29772.85,29730.5,29738.85,0,0
2019-04-11T11:00:00+0530,29738.9,29740.7,29719.5,29731.2,0,0
2019-04-11T11:05:00+0530,29731.4,29732.6,29690.85,29690.85,0,0
2019-04-11T11:10:00+0530,29686.6,29701.85,29660.3,29663.35,0,0
2019-04-11T11:15:00+0530,29662.3,29700.5,29659.35,29697.6,0,0
2019-04-11T11:20:00+0530,29697.25,29730.35,29695.05,29716.3,0,0
2019-04-11T11:25:00+0530,29716.1,29727.7,29708.05,29711.85,0,0
2019-04-11T11:30:00+0530,29712.6,29732.85,29707.7,29728,0,0
2019-04-11T11:35:00+0530,29729.45,29748.35,29715.4,29717.65,0,0
2019-04-11T11:40:00+0530,29717.8,29719.4,29696.8,29704.8,0,0
2019-04-11T11:45:00+0530,29703.8,29711.1,29694.6,29696.85,0,0
2019-04-11T11:50:00+0530,29699.7,29701.55,29672.4,29690.15,0,0
2019-04-11T11:55:00+0530,29689.7,29712.2,29689.65,29710.3,0,0
2019-04-11T12:00:00+0530,29710.95,29738.4,29710.95,29730.65,0,0
2019-04-11T12:05:00+0530,29730.65,29730.65,29712.35,29717,0,0
2019-04-11T12:10:00+0530,29717.55,29741.35,29714.25,29736.55,0,0
2019-04-11T12:15:00+0530,29736.45,29774.4,29736.2,29751,0,0
2019-04-11T12:20:00+0530,29751.35,29774.05,29737.7,29770.35,0,0
2019-04-11T12:25:00+0530,29770.35,29772.05,29741.95,29744.25,0,0
2019-04-11T12:30:00+0530,29744.5,29791.1,29739.65,29777.15,0,0
2019-04-11T12:35:00+0530,29779.65,29783.55,29764.15,29769.15,0,0
2019-04-11T12:40:00+0530,29768.95,29773.2,29748.5,29750.3,0,0
2019-04-11T12:45:00+0530,29750.95,29760.4,29730.2,29759.35,0,0
2019-04-11T12:50:00+0530,29760.35,29761.6,29737.9,29752.15,0,0
2019-04-11T12:55:00+0530,29752.35,29774.55,29746.35,29769.65,0,0
2019-04-11T13:00:00+0530,29768.05,29778.9,29754.15,29757.75,0,0
2019-04-11T13:05:00+0530,29759.3,29788,29759.3,29772.75,0,0
2019-04-11T13:10:00+0530,29776.05,29788.9,29767.25,29773.65,0,0
2019-04-11T13:15:00+0530,29772.95,29825.45,29766.6,29819.95,0,0
2019-04-11T13:20:00+0530,29820.25,29821.7,29735.65,29739.1,0,0
2019-04-11T13:25:00+0530,29739.55,29748.15,29643.5,29684,0,0
2019-04-11T13:30:00+0530,29684.7,29692.55,29652.1,29687.8,0,0
2019-04-11T13:35:00+0530,29688.75,29712.95,29668.9,29695.6,0,0
2019-04-11T13:40:00+0530,29694.95,29715.45,29688.4,29699.2,0,0
2019-04-11T13:45:00+0530,29699,29714.1,29661.15,29678.85,0,0
2019-04-11T13:50:00+0530,29678.45,29693.9,29669.5,29686.7,0,0
2019-04-11T13:55:00+0530,29686.9,29721.55,29684.1,29718,0,0
2019-04-11T14:00:00+0530,29717.4,29720.55,29680.8,29688.25,0,0
2019-04-11T14:05:00+0530,29689.1,29690.75,29641.4,29671.7,0,0
2019-04-11T14:10:00+0530,29666.95,29674.9,29659.7,29670.4,0,0
2019-04-11T14:15:00+0530,29669.3,29701.85,29667.4,29682.9,0,0
2019-04-11T14:20:00+0530,29682.6,29735.1,29669.6,29725.6,0,0
2019-04-11T14:25:00+0530,29726.35,29770.35,29723.4,29762.8,0,0
2019-04-11T14:30:00+0530,29762.6,29790.2,29733.6,29760.45,0,0
2019-04-11T14:35:00+0530,29760.65,29773,29730.9,29741.65,0,0
2019-04-11T14:40:00+0530,29740.5,29767.45,29732.9,29765.95,0,0
2019-04-11T14:45:00+0530,29765.4,29775.55,29732.85,29749.95,0,0
2019-04-11T14:50:00+0530,29747.7,29762.2,29743.15,29755.55,0,0
2019-04-11T14:55:00+0530,29754.65,29759.6,29725.05,29747.25,0,0
2019-04-11T15:00:00+0530,29748.75,29808.1,29742.6,29804.65,0,0
2019-04-11T15:05:00+0530,29802.8,29809.3,29761.75,29778.2,0,0
2019-04-11T15:10:00+0530,29778.75,29787.15,29762.75,29775.25,0,0
2019-04-11T15:15:00+0530,29774.05,29795.95,29766.05,29790.15,0,0
2019-04-11T15:20:00+0530,29789.55,29797.15,29779.4,29787.25,0,0
2019-04-11T15:25:00+0530,29785.45,29798.2,29773.25,29781.7,0,0
2019-04-12T09:15:00+0530,29780.55,29823.3,29737.95,29820.3,0,0
2019-04-12T09:20:00+0530,29822.25,29828,29779.25,29785.2,0,0
2019-04-12T09:25:00+0530,29787.75,29824.9,29779.2,29824.45,0,0
2019-04-12T09:30:00+0530,29825.55,29856.5,29821,29850.55,0,0
2019-04-12T09:35:00+0530,29850.95,29857.85,29825.4,29830.15,0,0
2019-04-12T09:40:00+0530,29830.45,29832.75,29801.75,29808.9,0,0
2019-04-12T09:45:00+0530,29813.3,29831.6,29805.05,29824.2,0,0
2019-04-12T09:50:00+0530,29824.3,29857.4,29822.15,29845.35,0,0
2019-04-12T09:55:00+0530,29844.65,29847.1,29822.05,29828.1,0,0
2019-04-12T10:00:00+0530,29827.75,29839.85,29813.2,29818.05,0,0
2019-04-12T10:05:00+0530,29818.45,29828.55,29801.6,29811.05,0,0
2019-04-12T10:10:00+0530,29812.55,29818.9,29794,29799.35,0,0
2019-04-12T10:15:00+0530,29799.6,29835.9,29795.5,29815.6,0,0
2019-04-12T10:20:00+0530,29816.15,29819.6,29800.45,29801.15,0,0
2019-04-12T10:25:00+0530,29800.25,29836.4,29799.9,29821.95,0,0
2019-04-12T10:30:00+0530,29821.7,29833,29811.55,29830.15,0,0
2019-04-12T10:35:00+0530,29830.6,29832.45,29788.75,29794.25,0,0
2019-04-12T10:40:00+0530,29795.55,29799.6,29773.95,29786.15,0,0
2019-04-12T10:45:00+0530,29786,29808,29777.95,29798.8,0,0
2019-04-12T10:50:00+0530,29796.85,29822.2,29796.85,29811.1,0,0
2019-04-12T10:55:00+0530,29811.45,29813.75,29794.25,29810.5,0,0
2019-04-12T11:00:00+0530,29809.85,29810.35,29778.65,29779.7,0,0
2019-04-12T11:05:00+0530,29781.4,29795.8,29764.15,29775.75,0,0
2019-04-12T11:10:00+0530,29776.1,29796.1,29769.7,29790.05,0,0
2019-04-12T11:15:00+0530,29792,29793.75,29775.3,29781.3,0,0
2019-04-12T11:20:00+0530,29782,29782.45,29748.75,29775.25,0,0
2019-04-12T11:25:00+0530,29776.15,29794.75,29760.7,29791.35,0,0
2019-04-12T11:30:00+0530,29792.95,29797.55,29761.6,29766.25,0,0
2019-04-12T11:35:00+0530,29767,29779.7,29754.65,29758.7,0,0
2019-04-12T11:40:00+0530,29761.55,29764.9,29711.55,29741.5,0,0
2019-04-12T11:45:00+0530,29739.75,29748.45,29713.7,29720.25,0,0
2019-04-12T11:50:00+0530,29722.15,29754.55,29718.7,29749.8,0,0
2019-04-12T11:55:00+0530,29749.8,29759.65,29737.35,29748.5,0,0
2019-04-12T12:00:00+0530,29747.6,29747.85,29731.35,29743.25,0,0
2019-04-12T12:05:00+0530,29743.25,29751.85,29726.5,29729.15,0,0
2019-04-12T12:10:00+0530,29729.05,29735.65,29721.35,29727.35,0,0
2019-04-12T12:15:00+0530,29726.75,29741.4,29716.85,29728.25,0,0
2019-04-12T12:20:00+0530,29728.45,29741.8,29725.15,29741.15,0,0
2019-04-12T12:25:00+0530,29741.25,29764.45,29731.4,29753.7,0,0
2019-04-12T12:30:00+0530,29751.65,29759,29745.2,29753.6,0,0
2019-04-12T12:35:00+0530,29750.7,29760.95,29741.05,29745.65,0,0
2019-04-12T12:40:00+0530,29744.55,29758.9,29740.25,29754.75,0,0
2019-04-12T12:45:00+0530,29754.95,29780.1,29748.5,29778.65,0,0
2019-04-12T12:50:00+0530,29778.2,29780,29758.5,29768,0,0
2019-04-12T12:55:00+0530,29767.3,29767.3,29735.75,29737.15,0,0
2019-04-12T13:00:00+0530,29736,29754.35,29733.95,29749.35,0,0
2019-04-12T13:05:00+0530,29749.15,29764.85,29747.95,29763.15,0,0
2019-04-12T13:10:00+0530,29762.15,29799.8,29757.35,29796.45,0,0
2019-04-12T13:15:00+0530,29802.4,29802.4,29767.9,29783.55,0,0
2019-04-12T13:20:00+0530,29783.55,29805.7,29773.7,29793.65,0,0
2019-04-12T13:25:00+0530,29792.8,29796.05,29762.2,29770.75,0,0
2019-04-12T13:30:00+0530,29770.95,29809.55,29767.75,29799.35,0,0
2019-04-12T13:35:00+0530,29799.25,29827.1,29795.4,29817,0,0
2019-04-12T13:40:00+0530,29817.6,29835.3,29810.25,29834.5,0,0
2019-04-12T13:45:00+0530,29836.1,29848.25,29822.3,29824.2,0,0
2019-04-12T13:50:00+0530,29824.75,29855.45,29812.75,29855.45,0,0
2019-04-12T13:55:00+0530,29854.35,29859.65,29831.1,29842.8,0,0
2019-04-12T14:00:00+0530,29840,29852.4,29838.45,29845.15,0,0
2019-04-12T14:05:00+0530,29844.05,29846.1,29824.85,29846.1,0,0
2019-04-12T14:10:00+0530,29846.1,29913.5,29843.95,29902.45,0,0
2019-04-12T14:15:00+0530,29902.05,29956.35,29902.05,29939,0,0
2019-04-12T14:20:00+0530,29937.2,29947.6,29925.5,29947.6,0,0
2019-04-12T14:25:00+0530,29947.5,29967.6,29936.05,29939.15,0,0
2019-04-12T14:30:00+0530,29939.45,29951,29931.6,29934.55,0,0
2019-04-12T14:35:00+0530,29933.55,29978.65,29930.65,29978.6,0,0
2019-04-12T14:40:00+0530,29975.15,29990.05,29969.45,29974.5,0,0
2019-04-12T14:45:00+0530,29974.2,29980.65,29944.9,29965.05,0,0
2019-04-12T14:50:00+0530,29962.7,29974.55,29951.3,29960.3,0,0
2019-04-12T14:55:00+0530,29958.55,30000.85,29936.35,29993.95,0,0
2019-04-12T15:00:00+0530,29992.3,29998.95,29972.3,29972.3,0,0
2019-04-12T15:05:00+0530,29972.65,29999.55,29936.1,29946.55,0,0
2019-04-12T15:10:00+0530,29946,29976.5,29943.1,29953.6,0,0
2019-04-12T15:15:00+0530,29952.9,29963.8,29926.25,29938.55,0,0
2019-04-12T15:20:00+0530,29936.55,29940.6,29898,29905.35,0,0
2019-04-12T15:25:00+0530,29905.95,29915.3,29859.9,29868.65,0,0
2019-04-15T09:15:00+0530,29983.5,29992.25,29926.8,29979.1,0,0
2019-04-15T09:20:00+0530,29982.85,30033.05,29979.45,30028.45,0,0
2019-04-15T09:25:00+0530,30027.5,30062.1,30025.3,30026.85,0,0
2019-04-15T09:30:00+0530,30027.95,30046.25,30014.9,30015.7,0,0
2019-04-15T09:35:00+0530,30015.3,30027.4,30007.9,30017.35,0,0
2019-04-15T09:40:00+0530,30018.75,30056.45,30011.5,30055.85,0,0
2019-04-15T09:45:00+0530,30055.7,30091.45,30050.95,30088.6,0,0
2019-04-15T09:50:00+0530,30088,30089.6,30070.9,30078.75,0,0
2019-04-15T09:55:00+0530,30080.05,30084.8,30050.5,30063.85,0,0
2019-04-15T10:00:00+0530,30060.75,30091.7,30059.05,30087.05,0,0
2019-04-15T10:05:00+0530,30087.25,30093.95,30076.7,30087.45,0,0
2019-04-15T10:10:00+0530,30086.95,30108.1,30084.5,30107.15,0,0
2019-04-15T10:15:00+0530,30107.1,30139.1,30102.9,30132.15,0,0
2019-04-15T10:20:00+0530,30131.15,30143.25,30121.25,30140.75,0,0
2019-04-15T10:25:00+0530,30140.45,30144.45,30126,30129.4,0,0
2019-04-15T10:30:00+0530,30128.8,30128.8,30105.1,30107.3,0,0
2019-04-15T10:35:00+0530,30107.1,30126,30106.95,30122.95,0,0
2019-04-15T10:40:00+0530,30124.95,30124.95,30109.65,30122.75,0,0
2019-04-15T10:45:00+0530,30120.55,30147.45,30120.3,30120.95,0,0
2019-04-15T10:50:00+0530,30122.15,30138.15,30121.35,30130.75,0,0
2019-04-15T10:55:00+0530,30131.3,30133.25,30117.85,30124.05,0,0
2019-04-15T11:00:00+0530,30121.95,30129.5,30117.7,30121.75,0,0
2019-04-15T11:05:00+0530,30122.6,30125.85,30108.1,30110.15,0,0
2019-04-15T11:10:00+0530,30109.95,30124.6,30107.4,30119.2,0,0
2019-04-15T11:15:00+0530,30115.15,30122.35,30107.25,30122.35,0,0
2019-04-15T11:20:00+0530,30122.4,30126.8,30099.35,30104.2,0,0
2019-04-15T11:25:00+0530,30103.6,30112.6,30093.25,30098.5,0,0
2019-04-15T11:30:00+0530,30097.95,30097.95,30078.5,30088.15,0,0
2019-04-15T11:35:00+0530,30088.15,30116.05,30087.05,30109.1,0,0
2019-04-15T11:40:00+0530,30108.05,30118.65,30106.6,30114.6,0,0
2019-04-15T11:45:00+0530,30114.4,30117.8,30104.05,30113.85,0,0
2019-04-15T11:50:00+0530,30114.9,30125.05,30110.75,30124.75,0,0
2019-04-15T11:55:00+0530,30124.85,30134.8,30114.8,30133.9,0,0
2019-04-15T12:00:00+0530,30134.05,30155.95,30131,30149.95,0,0
2019-04-15T12:05:00+0530,30151,30153.05,30130.5,30151.75,0,0
2019-04-15T12:10:00+0530,30150.9,30160.95,30140.45,30153.2,0,0
2019-04-15T12:15:00+0530,30152.95,30155.85,30129.5,30130.75,0,0
2019-04-15T12:20:00+0530,30131.05,30144.8,30114.3,30116.3,0,0
2019-04-15T12:25:00+0530,30117.15,30136.2,30108.85,30116.05,0,0
2019-04-15T12:30:00+0530,30115.9,30120.1,30099.4,30105.05,0,0
2019-04-15T12:35:00+0530,30105.15,30126.5,30102.35,30121.35,0,0
2019-04-15T12:40:00+0530,30119.8,30122.95,30097.05,30101.7,0,0
2019-04-15T12:45:00+0530,30102.1,30112.7,30095.55,30105.45,0,0
2019-04-15T12:50:00+0530,30104.2,30130.15,30100.4,30129.65,0,0
2019-04-15T12:55:00+0530,30130.6,30139.75,30126.8,30130.8,0,0
2019-04-15T13:00:00+0530,30131.45,30132.6,30112.65,30124.05,0,0
2019-04-15T13:05:00+0530,30121.6,30144.7,30106.7,30136.1,0,0
2019-04-15T13:10:00+0530,30136.75,30146.45,30124.15,30127.1,0,0
2019-04-15T13:15:00+0530,30125.55,30134.7,30113.85,30122.5,0,0
2019-04-15T13:20:00+0530,30122.1,30122.85,30064.15,30073.2,0,0
2019-04-15T13:25:00+0530,30073.85,30077.2,30024.1,30062,0,0
2019-04-15T13:30:00+0530,30063.8,30094.75,30062.35,30085.65,0,0
2019-04-15T13:35:00+0530,30086,30127.1,30080.65,30110.5,0,0
2019-04-15T13:40:00+0530,30111.35,30112.4,30082.35,30095.25,0,0
2019-04-15T13:45:00+0530,30094.6,30117.8,30094.05,30101.75,0,0
2019-04-15T13:50:00+0530,30103.1,30114.95,30098.25,30109.7,0,0
2019-04-15T13:55:00+0530,30109.35,30133.25,30094.65,30122.9,0,0
2019-04-15T14:00:00+0530,30123.1,30128.4,30108.45,30112,0,0
2019-04-15T14:05:00+0530,30112.9,30144.2,30109.2,30134.85,0,0
2019-04-15T14:10:00+0530,30135.3,30143.7,30119,30119.25,0,0
2019-04-15T14:15:00+0530,30118.45,30129.45,30100.3,30128.5,0,0
2019-04-15T14:20:00+0530,30128.35,30147.65,30119.85,30146.15,0,0
2019-04-15T14:25:00+0530,30148.2,30163,30124,30137.25,0,0
2019-04-15T14:30:00+0530,30135.05,30154.95,30122.05,30135.6,0,0
2019-04-15T14:35:00+0530,30133,30145.6,30086.65,30110.3,0,0
2019-04-15T14:40:00+0530,30110.9,30113.55,30085.25,30095.5,0,0
2019-04-15T14:45:00+0530,30094.9,30134.75,30068.1,30121.3,0,0
2019-04-15T14:50:00+0530,30121.1,30143.6,30117.7,30137.9,0,0
2019-04-15T14:55:00+0530,30136.8,30148.85,30111,30146.65,0,0
2019-04-15T15:00:00+0530,30146.2,30146.25,30108.05,30110.95,0,0
2019-04-15T15:05:00+0530,30111.95,30126.4,30100.5,30108.7,0,0
2019-04-15T15:10:00+0530,30108.9,30116.1,30084.55,30102,0,0
2019-04-15T15:15:00+0530,30104.3,30114.4,30086,30098,0,0
2019-04-15T15:20:00+0530,30099.7,30111.5,30089.05,30111.5,0,0
2019-04-15T15:25:00+0530,30110.8,30113.3,30080.1,30088.85,0,0
2019-04-16T09:15:00+0530,30236.25,30306.1,30232,30301.55,0,0
2019-04-16T09:20:00+0530,30296.05,30309.35,30271.95,30302.45,0,0
2019-04-16T09:25:00+0530,30302.95,30324.65,30289.8,30311.55,0,0
2019-04-16T09:30:00+0530,30313.45,30325.2,30309.1,30321.95,0,0
2019-04-16T09:35:00+0530,30320.95,30338.1,30312.2,30321.35,0,0
2019-04-16T09:40:00+0530,30324.1,30337.35,30319.25,30332.85,0,0
2019-04-16T09:45:00+0530,30332.2,30343.85,30327.05,30340.6,0,0
2019-04-16T09:50:00+0530,30338.2,30397.25,30338.2,30392,0,0
2019-04-16T09:55:00+0530,30390.2,30395.2,30367.9,30379.35,0,0
2019-04-16T10:00:00+0530,30378.3,30381.8,30365.05,30373.4,0,0
2019-04-16T10:05:00+0530,30374.75,30380.5,30357.05,30361.05,0,0
2019-04-16T10:10:00+0530,30360.2,30398.45,30359.05,30393,0,0
2019-04-16T10:15:00+0530,30393.9,30416.35,30392.75,30407,0,0
2019-04-16T10:20:00+0530,30407.45,30408.3,30388.25,30392.05,0,0
2019-04-16T10:25:00+0530,30390.5,30400.5,30386.9,30390,0,0
2019-04-16T10:30:00+0530,30389.65,30391.65,30372.3,30387,0,0
2019-04-16T10:35:00+0530,30387.75,30395.6,30381.3,30387.3,0,0
2019-04-16T10:40:00+0530,30386.7,30398.3,30375.15,30393.8,0,0
2019-04-16T10:45:00+0530,30394.35,30407.5,30387,30404.15,0,0
2019-04-16T10:50:00+0530,30403.95,30425.6,30400.5,30405.05,0,0
2019-04-16T10:55:00+0530,30404.05,30406.65,30395.5,30404.45,0,0
2019-04-16T11:00:00+0530,30403.65,30405.55,30385.5,30395.7,0,0
2019-04-16T11:05:00+0530,30395.7,30401.95,30377.85,30386.55,0,0
2019-04-16T11:10:00+0530,30386.35,30394.05,30375.05,30386.4,0,0
2019-04-16T11:15:00+0530,30385.85,30399.15,30381.65,30390.15,0,0
2019-04-16T11:20:00+0530,30392.4,30398.9,30360.5,30375.35,0,0
2019-04-16T11:25:00+0530,30373.45,30379.65,30364.7,30377.45,0,0
2019-04-16T11:30:00+0530,30379.1,30408.6,30375.05,30402.75,0,0
2019-04-16T11:35:00+0530,30404.8,30409.7,30385.6,30391.25,0,0
2019-04-16T11:40:00+0530,30391.7,30403.55,30384.3,30399.75,0,0
2019-04-16T11:45:00+0530,30398.05,30409.55,30384.55,30389.85,0,0
2019-04-16T11:50:00+0530,30390.8,30399.1,30383.4,30390.8,0,0
2019-04-16T11:55:00+0530,30391.15,30399.4,30386.75,30389.9,0,0
2019-04-16T12:00:00+0530,30390.5,30395.6,30363.5,30383.3,0,0
2019-04-16T12:05:00+0530,30383.5,30395.85,30382.95,30385.5,0,0
2019-04-16T12:10:00+0530,30387,30391.6,30372.2,30376.85,0,0
2019-04-16T12:15:00+0530,30376.65,30379.5,30358.3,30379.5,0,0
2019-04-16T12:20:00+0530,30379.15,30384.15,30368.55,30378.4,0,0
2019-04-16T12:25:00+0530,30374.6,30416.55,30374.25,30413.7,0,0
2019-04-16T12:30:00+0530,30416.75,30428.55,30408.3,30420.2,0,0
2019-04-16T12:35:00+0530,30420.2,30438.2,30407.6,30434.1,0,0
2019-04-16T12:40:00+0530,30433.5,30477.85,30429.85,30464.65,0,0
2019-04-16T12:45:00+0530,30465.45,30468.75,30453.3,30461.65,0,0
2019-04-16T12:50:00+0530,30461.65,30472.4,30445.95,30447.75,0,0
2019-04-16T12:55:00+0530,30446.75,30484.5,30444.05,30473.1,0,0
2019-04-16T13:00:00+0530,30471.35,30503.85,30468.8,30485.4,0,0
2019-04-16T13:05:00+0530,30489.25,30524.95,30483.6,30519.1,0,0
2019-04-16T13:10:00+0530,30517.05,30521.85,30486.7,30498.25,0,0
2019-04-16T13:15:00+0530,30498.3,30500,30477.35,30490.65,0,0
2019-04-16T13:20:00+0530,30491.2,30498.95,30483.2,30495.25,0,0
2019-04-16T13:25:00+0530,30495.25,30509.35,30474.65,30477.7,0,0
2019-04-16T13:30:00+0530,30478.35,30489.75,30460.95,30474.55,0,0
2019-04-16T13:35:00+0530,30473.5,30484.1,30454.95,30476.85,0,0
2019-04-16T13:40:00+0530,30475.25,30499.25,30469.25,30499.25,0,0
2019-04-16T13:45:00+0530,30498.3,30515.5,30493.6,30510.45,0,0
2019-04-16T13:50:00+0530,30511.6,30521.75,30497.25,30505.75,0,0
2019-04-16T13:55:00+0530,30508.8,30545.65,30499.45,30543.85,0,0
2019-04-16T14:00:00+0530,30542.9,30563.6,30532,30552.75,0,0
2019-04-16T14:05:00+0530,30551.4,30560.7,30541.45,30548.45,0,0
2019-04-16T14:10:00+0530,30547.6,30550.95,30530.75,30540.4,0,0
2019-04-16T14:15:00+0530,30538.95,30551.15,30538.05,30539.75,0,0
2019-04-16T14:20:00+0530,30539.8,30543.65,30495.75,30515.65,0,0
2019-04-16T14:25:00+0530,30516.3,30529,30514.05,30525.2,0,0
2019-04-16T14:30:00+0530,30525,30574.8,30520.95,30572.7,0,0
2019-04-16T14:35:00+0530,30573,30589.95,30566.45,30572.1,0,0
2019-04-16T14:40:00+0530,30571.05,30574.1,30553.45,30559.25,0,0
2019-04-16T14:45:00+0530,30556.85,30560.3,30537.7,30551,0,0
2019-04-16T14:50:00+0530,30551.25,30554.7,30517.9,30532.05,0,0
2019-04-16T14:55:00+0530,30531.9,30533.65,30513.9,30523.1,0,0
2019-04-16T15:00:00+0530,30523,30523.25,30480.1,30510.2,0,0
2019-04-16T15:05:00+0530,30510.35,30527.95,30494,30523,0,0
2019-04-16T15:10:00+0530,30517.6,30525.3,30495.3,30506.65,0,0
2019-04-16T15:15:00+0530,30508.45,30542.6,30502.5,30527.35,0,0
2019-04-16T15:20:00+0530,30526.1,30575.45,30526.1,30566.9,0,0
2019-04-16T15:25:00+0530,30566.35,30572.95,30541.8,30564.1,0,0
2019-04-18T09:15:00+0530,30656.5,30656.5,30587.35,30607.8,0,0
2019-04-18T09:20:00+0530,30608.15,30621.55,30593.3,30601.15,0,0
2019-04-18T09:25:00+0530,30601.7,30604.6,30566.95,30579.1,0,0
2019-04-18T09:30:00+0530,30581.65,30591.05,30557.75,30568.25,0,0
2019-04-18T09:35:00+0530,30567.8,30568.85,30486.7,30497.9,0,0
2019-04-18T09:40:00+0530,30498.8,30515.25,30447.15,30453.55,0,0
2019-04-18T09:45:00+0530,30453.35,30453.35,30399.65,30445.1,0,0
2019-04-18T09:50:00+0530,30447.85,30481.2,30433.25,30469.45,0,0
2019-04-18T09:55:00+0530,30465.85,30469.3,30412,30414.2,0,0
2019-04-18T10:00:00+0530,30415.45,30439.95,30398.95,30421.8,0,0
2019-04-18T10:05:00+0530,30425.05,30436.85,30410.05,30418.25,0,0
2019-04-18T10:10:00+0530,30413.7,30415.2,30360.35,30378,0,0
2019-04-18T10:15:00+0530,30377.85,30382.8,30324.9,30330.7,0,0
2019-04-18T10:20:00+0530,30334.95,30370,30316.8,30356.05,0,0
2019-04-18T10:25:00+0530,30356.35,30369.05,30351.45,30357.3,0,0
2019-04-18T10:30:00+0530,30354.7,30354.7,30312.7,30330.3,0,0
2019-04-18T10:35:00+0530,30331.7,30349.15,30328.1,30347,0,0
2019-04-18T10:40:00+0530,30346.35,30376.45,30343.6,30375.5,0,0
2019-04-18T10:45:00+0530,30377.1,30385.55,30365.05,30382.05,0,0
2019-04-18T10:50:00+0530,30378.9,30384.25,30358.5,30359.95,0,0
2019-04-18T10:55:00+0530,30359.45,30366.7,30340.5,30356.8,0,0
2019-04-18T11:00:00+0530,30353.8,30379.1,30347.45,30375.65,0,0
2019-04-18T11:05:00+0530,30375.05,30401.45,30372.4,30397.75,0,0
2019-04-18T11:10:00+0530,30398.3,30400.65,30372.6,30377.2,0,0
2019-04-18T11:15:00+0530,30378.9,30402,30375.3,30402,0,0
2019-04-18T11:20:00+0530,30401.75,30427.5,30396.6,30399.2,0,0
2019-04-18T11:25:00+0530,30401.4,30403.15,30381.3,30399.95,0,0
2019-04-18T11:30:00+0530,30397.75,30410.15,30364.4,30368.4,0,0
2019-04-18T11:35:00+0530,30369.1,30369.9,30349.75,30351.7,0,0
2019-04-18T11:40:00+0530,30351.3,30357.7,30341.15,30345.2,0,0
2019-04-18T11:45:00+0530,30344.75,30360.7,30344.75,30360.45,0,0
2019-04-18T11:50:00+0530,30359.7,30375.45,30359.65,30365.85,0,0
2019-04-18T11:55:00+0530,30365,30367.05,30352.95,30363.15,0,0
2019-04-18T12:00:00+0530,30363.15,30368.2,30356,30361.6,0,0
2019-04-18T12:05:00+0530,30361.45,30377.75,30359.1,30359.5,0,0
2019-04-18T12:10:00+0530,30359.5,30366.9,30346.05,30349.5,0,0
2019-04-18T12:15:00+0530,30348.3,30348.3,30309.05,30314.8,0,0
2019-04-18T12:20:00+0530,30314.05,30331,30313,30328.8,0,0
2019-04-18T12:25:00+0530,30329,30337.6,30325.65,30332.4,0,0
2019-04-18T12:30:00+0530,30338.7,30343,30330.8,30336.05,0,0
2019-04-18T12:35:00+0530,30334.85,30366.85,30330.35,30348.8,0,0
2019-04-18T12:40:00+0530,30346.85,30370.4,30346.85,30362.85,0,0
2019-04-18T12:45:00+0530,30362.95,30363.7,30334.55,30348.75,0,0
2019-04-18T12:50:00+0530,30348.4,30374.3,30347.55,30365.85,0,0
2019-04-18T12:55:00+0530,30364.95,30369.05,30349.3,30361.8,0,0
2019-04-18T13:00:00+0530,30360.95,30361.05,30308.95,30326.65,0,0
2019-04-18T13:05:00+0530,30325.95,30345.6,30325.95,30337.05,0,0
2019-04-18T13:10:00+0530,30337.05,30349.25,30326.2,30328.75,0,0
2019-04-18T13:15:00+0530,30327.95,30336.2,30314.35,30336.2,0,0
2019-04-18T13:20:00+0530,30335.4,30354.5,30331.75,30341.35,0,0
2019-04-18T13:25:00+0530,30341.05,30369.4,30338.6,30369.4,0,0
2019-04-18T13:30:00+0530,30369.9,30369.9,30348.45,30360.3,0,0
2019-04-18T13:35:00+0530,30359.7,30368.8,30353.45,30357.15,0,0
2019-04-18T13:40:00+0530,30356.65,30396.9,30354.4,30396.9,0,0
2019-04-18T13:45:00+0530,30398.25,30416.35,30394.7,30409.7,0,0
2019-04-18T13:50:00+0530,30408.45,30412.5,30373.15,30380.05,0,0
2019-04-18T13:55:00+0530,30379.95,30396.45,30375.75,30394.95,0,0
2019-04-18T14:00:00+0530,30394.6,30428.85,30392.4,30420.95,0,0
2019-04-18T14:05:00+0530,30420.7,30440.85,30401.2,30420,0,0
2019-04-18T14:10:00+0530,30420,30423.05,30395.35,30410.75,0,0
2019-04-18T14:15:00+0530,30409.95,30449.6,30408.45,30445.6,0,0
2019-04-18T14:20:00+0530,30447.6,30471.4,30427.95,30434.85,0,0
2019-04-18T14:25:00+0530,30428.25,30451.6,30420.35,30438.3,0,0
2019-04-18T14:30:00+0530,30442.95,30448.05,30395.5,30397.45,0,0
2019-04-18T14:35:00+0530,30399.05,30413.9,30352.7,30364.95,0,0
2019-04-18T14:40:00+0530,30365.6,30393.15,30365.6,30384.6,0,0
2019-04-18T14:45:00+0530,30383.7,30407,30383.7,30401.45,0,0
2019-04-18T14:50:00+0530,30402.9,30421.25,30396.75,30399.75,0,0
2019-04-18T14:55:00+0530,30400.55,30402.55,30385.05,30392.85,0,0
2019-04-18T15:00:00+0530,30391.6,30395.9,30321.6,30321.6,0,0
2019-04-18T15:05:00+0530,30320.4,30322.7,30217.2,30220.85,0,0
2019-04-18T15:10:00+0530,30219,30238.8,30197,30236.5,0,0
2019-04-18T15:15:00+0530,30236.6,30242,30156.55,30156.55,0,0
2019-04-18T15:20:00+0530,30155.55,30174.85,30153.5,30165.55,0,0
2019-04-18T15:25:00+0530,30166.45,30191.5,30145.15,30191.5,0,0
2019-04-22T09:15:00+0530,30282.5,30282.5,29979.7,30017.8,0,0
2019-04-22T09:20:00+0530,30017.1,30023.85,29964.2,30008.3,0,0
2019-04-22T09:25:00+0530,30004.9,30018.5,29981.7,30005,0,0
2019-04-22T09:30:00+0530,30007.1,30007.1,29961.8,29967.6,0,0
2019-04-22T09:35:00+0530,29964.55,29964.55,29852.05,29924.9,0,0
2019-04-22T09:40:00+0530,29922.35,29939.95,29902.5,29939,0,0
2019-04-22T09:45:00+0530,29940.7,29969.7,29935.95,29943.7,0,0
2019-04-22T09:50:00+0530,29944.85,29955.65,29934.4,29951.95,0,0
2019-04-22T09:55:00+0530,29950.4,29961.35,29938.15,29959.35,0,0
2019-04-22T10:00:00+0530,29957.85,29967.55,29923.6,29932.2,0,0
2019-04-22T10:05:00+0530,29927.7,29933.8,29912.1,29915.55,0,0
2019-04-22T10:10:00+0530,29918.85,29957.7,29914.25,29957.1,0,0
2019-04-22T10:15:00+0530,29956.65,29982.35,29944.75,29965.45,0,0
2019-04-22T10:20:00+0530,29965.25,29983.35,29959.45,29964.2,0,0
2019-04-22T10:25:00+0530,29966,29997.9,29953.25,29978.7,0,0
2019-04-22T10:30:00+0530,29980.1,29987.7,29946.35,29955.2,0,0
2019-04-22T10:35:00+0530,29958.1,29976.15,29948.9,29973.7,0,0
2019-04-22T10:40:00+0530,29973.95,29983.5,29967.95,29970.45,0,0
2019-04-22T10:45:00+0530,29970.65,29975.55,29956.65,29969.9,0,0
2019-04-22T10:50:00+0530,29971.5,30009.4,29961.85,30009.4,0,0
2019-04-22T10:55:00+0530,30006.6,30010.7,29975.6,29981.95,0,0
2019-04-22T11:00:00+0530,29981.55,29995.6,29981.55,29982.45,0,0
2019-04-22T11:05:00+0530,29984.85,29985,29967.25,29968.9,0,0
2019-04-22T11:10:00+0530,29968.7,29984.95,29957.2,29977.55,0,0
2019-04-22T11:15:00+0530,29978.5,29999.45,29971,29989.4,0,0
2019-04-22T11:20:00+0530,29988.7,29991.4,29974.45,29986.35,0,0
2019-04-22T11:25:00+0530,29983.55,29986,29966.05,29983.75,0,0
2019-04-22T11:30:00+0530,29984.65,29985.25,29938.4,29956.6,0,0
2019-04-22T11:35:00+0530,29956,29967.1,29953.8,29956.95,0,0
2019-04-22T11:40:00+0530,29956.7,29972.85,29945,29953.8,0,0
2019-04-22T11:45:00+0530,29952.7,29959.8,29923.85,29940.05,0,0
2019-04-22T11:50:00+0530,29940.05,29944.55,29923.25,29924.4,0,0
2019-04-22T11:55:00+0530,29923.75,29929.1,29909.75,29920.65,0,0
2019-04-22T12:00:00+0530,29920.65,29942.2,29916.65,29932.75,0,0
2019-04-22T12:05:00+0530,29931.4,29936.05,29910.05,29916.45,0,0
2019-04-22T12:10:00+0530,29917.8,29938.45,29911,29928.7,0,0
2019-04-22T12:15:00+0530,29929.1,29931.6,29896.7,29906.8,0,0
2019-04-22T12:20:00+0530,29907.8,29945.9,29907.2,29941.2,0,0
2019-04-22T12:25:00+0530,29940.5,29944.25,29928.6,29934.5,0,0
2019-04-22T12:30:00+0530,29933.15,29936.05,29925.6,29933.35,0,0
2019-04-22T12:35:00+0530,29934.05,29934.7,29906.65,29906.65,0,0
2019-04-22T12:40:00+0530,29903.05,29915.2,29901.7,29915.2,0,0
2019-04-22T12:45:00+0530,29916.6,29924,29856,29881.2,0,0
2019-04-22T12:50:00+0530,29880.25,29885.75,29863.5,29878.9,0,0
2019-04-22T12:55:00+0530,29878.45,29898.05,29875.3,29895.8,0,0
2019-04-22T13:00:00+0530,29894.05,29911.55,29857.65,29870.1,0,0
2019-04-22T13:05:00+0530,29873.35,29880.45,29840.7,29859.05,0,0
2019-04-22T13:10:00+0530,29856.35,29861.85,29835.75,29848.2,0,0
2019-04-22T13:15:00+0530,29850.25,29862.8,29832.95,29851,0,0
2019-04-22T13:20:00+0530,29849.65,29861.95,29825.05,29832.3,0,0
2019-04-22T13:25:00+0530,29834.05,29858.1,29823.25,29857.8,0,0
2019-04-22T13:30:00+0530,29857.05,29865.9,29811.25,29826.2,0,0
2019-04-22T13:35:00+0530,29825.1,29887.45,29823.85,29881.1,0,0
2019-04-22T13:40:00+0530,29880.75,29901.85,29862.75,29866.3,0,0
2019-04-22T13:45:00+0530,29866.2,29875.65,29850.6,29854.65,0,0
2019-04-22T13:50:00+0530,29854.35,29878.1,29853.65,29865.75,0,0
2019-04-22T13:55:00+0530,29865.05,29888.55,29862.05,29877.65,0,0
2019-04-22T14:00:00+0530,29875.95,29881.3,29839.55,29849.1,0,0
2019-04-22T14:05:00+0530,29850.9,29871.9,29833.8,29834.9,0,0
2019-04-22T14:10:00+0530,29834.8,29849.1,29829.9,29839.75,0,0
2019-04-22T14:15:00+0530,29840.4,29866.3,29840.4,29862.3,0,0
2019-04-22T14:20:00+0530,29862.4,29872.6,29780.05,29794.95,0,0
2019-04-22T14:25:00+0530,29792.8,29819.6,29785.85,29786.95,0,0
2019-04-22T14:30:00+0530,29787.8,29813.55,29749.7,29759.8,0,0
2019-04-22T14:35:00+0530,29756.4,29778.85,29749.7,29760.85,0,0
2019-04-22T14:40:00+0530,29759.2,29774.25,29706.95,29715.25,0,0
2019-04-22T14:45:00+0530,29711.85,29750.75,29711.85,29744.9,0,0
2019-04-22T14:50:00+0530,29743.6,29784.55,29743.6,29762.45,0,0
2019-04-22T14:55:00+0530,29762.1,29773.95,29735,29738.05,0,0
2019-04-22T15:00:00+0530,29735,29735.1,29715.55,29723.75,0,0
2019-04-22T15:05:00+0530,29723.2,29723.2,29687.3,29698.15,0,0
2019-04-22T15:10:00+0530,29696.8,29706.1,29671.5,29704.45,0,0
2019-04-22T15:15:00+0530,29704.7,29714.85,29679.2,29691.35,0,0
2019-04-22T15:20:00+0530,29692.45,29699.5,29661.2,29678.75,0,0
2019-04-22T15:25:00+0530,29678.7,29679.8,29650.35,29656.3,0,0
2019-04-23T09:15:00+0530,29761.95,29835.65,29669.2,29835.65,0,0
2019-04-23T09:20:00+0530,29834.5,29905.25,29832.95,29878.55,0,0
2019-04-23T09:25:00+0530,29880.25,29902.85,29849.05,29865.1,0,0
2019-04-23T09:30:00+0530,29865.05,29881.7,29847.6,29878.85,0,0
2019-04-23T09:35:00+0530,29880.8,29897.05,29854.25,29891.15,0,0
2019-04-23T09:40:00+0530,29889.4,29902.95,29856.35,29862.15,0,0
2019-04-23T09:45:00+0530,29860.6,29870.35,29807.9,29810.15,0,0
2019-04-23T09:50:00+0530,29808.6,29829.35,29781.55,29791.7,0,0
2019-04-23T09:55:00+0530,29792.65,29818.3,29761.7,29785,0,0
2019-04-23T10:00:00+0530,29785,29785,29695,29696.5,0,0
2019-04-23T10:05:00+0530,29695.8,29729.35,29671.4,29698.35,0,0
2019-04-23T10:10:00+0530,29698,29740,29676.35,29738.55,0,0
2019-04-23T10:15:00+0530,29737.55,29747.6,29710.3,29725.95,0,0
2019-04-23T10:20:00+0530,29725.3,29780.25,29715.7,29778.8,0,0
2019-04-23T10:25:00+0530,29779.3,29780.9,29737.85,29745.8,0,0
2019-04-23T10:30:00+0530,29739.25,29770.5,29730.5,29768.2,0,0
2019-04-23T10:35:00+0530,29768.95,29786.55,29748.4,29754.6,0,0
2019-04-23T10:40:00+0530,29754,29772.4,29741.7,29764.15,0,0
2019-04-23T10:45:00+0530,29766.5,29775.8,29737.25,29737.25,0,0
2019-04-23T10:50:00+0530,29737.8,29758.8,29725.75,29751.65,0,0
2019-04-23T10:55:00+0530,29751.65,29753.8,29739.5,29746.8,0,0
2019-04-23T11:00:00+0530,29747.7,29766.9,29743.2,29764.4,0,0
2019-04-23T11:05:00+0530,29765,29780.45,29758.15,29774.1,0,0
2019-04-23T11:10:00+0530,29773.45,29774,29749.65,29764.45,0,0
2019-04-23T11:15:00+0530,29763.65,29776.2,29758.7,29764.85,0,0
2019-04-23T11:20:00+0530,29764.65,29769.75,29746.25,29767.15,0,0
2019-04-23T11:25:00+0530,29766.95,29769.9,29748.6,29769.9,0,0
2019-04-23T11:30:00+0530,29772.1,29803.7,29769.3,29797.15,0,0
2019-04-23T11:35:00+0530,29799.4,29818.6,29794.75,29813.25,0,0
2019-04-23T11:40:00+0530,29810.7,29833.85,29810.4,29818.25,0,0
2019-04-23T11:45:00+0530,29817.5,29860.25,29816.9,29843.55,0,0
2019-04-23T11:50:00+0530,29843.7,29849.3,29817.1,29828.55,0,0
2019-04-23T11:55:00+0530,29827.9,29835.25,29819.35,29825.65,0,0
2019-04-23T12:00:00+0530,29827.2,29862.9,29824.9,29836.6,0,0
2019-04-23T12:05:00+0530,29835.5,29839,29788.95,29794.2,0,0
2019-04-23T12:10:00+0530,29792.2,29794.55,29757.65,29773.05,0,0
2019-04-23T12:15:00+0530,29773.1,29774.4,29753.55,29768.05,0,0
2019-04-23T12:20:00+0530,29769.85,29769.85,29731.15,29731.2,0,0
2019-04-23T12:25:00+0530,29731.05,29762.25,29730.25,29754.6,0,0
2019-04-23T12:30:00+0530,29755.55,29764.5,29710.7,29712.55,0,0
2019-04-23T12:35:00+0530,29713,29714.55,29678.75,29706.15,0,0
2019-04-23T12:40:00+0530,29707.45,29734.55,29704.2,29727.95,0,0
2019-04-23T12:45:00+0530,29726.9,29742.75,29710.45,29740.1,0,0
2019-04-23T12:50:00+0530,29742.45,29758.25,29726.35,29736.2,0,0
2019-04-23T12:55:00+0530,29736,29764.65,29726.35,29750.35,0,0
2019-04-23T13:00:00+0530,29749.7,29795.85,29745.05,29774,0,0
2019-04-23T13:05:00+0530,29775.55,29779.6,29753.3,29754.55,0,0
2019-04-23T13:10:00+0530,29757.45,29771.3,29752.35,29762.1,0,0
2019-04-23T13:15:00+0530,29760.25,29761.7,29714.2,29739.55,0,0
2019-04-23T13:20:00+0530,29739.35,29739.55,29708.8,29726.25,0,0
2019-04-23T13:25:00+0530,29726.85,29754.65,29700.1,29710.7,0,0
2019-04-23T13:30:00+0530,29711.9,29769.7,29709.9,29761,0,0
2019-04-23T13:35:00+0530,29759.6,29775.8,29745.7,29747.1,0,0
2019-04-23T13:40:00+0530,29747.15,29785.85,29744.75,29762.5,0,0
2019-04-23T13:45:00+0530,29760.65,29768.35,29734.5,29760.45,0,0
2019-04-23T13:50:00+0530,29761,29765.75,29742.6,29746.35,0,0
2019-04-23T13:55:00+0530,29745.7,29771.75,29736.85,29761,0,0
2019-04-23T14:00:00+0530,29761.8,29805.65,29756.95,29771.6,0,0
2019-04-23T14:05:00+0530,29770.5,29779.1,29750.95,29761.2,0,0
2019-04-23T14:10:00+0530,29760.4,29761.55,29726.3,29731.1,0,0
2019-04-23T14:15:00+0530,29729.9,29758.1,29728.95,29757.35,0,0
2019-04-23T14:20:00+0530,29753.6,29763.9,29737.6,29740.6,0,0
2019-04-23T14:25:00+0530,29740.7,29744.7,29718.65,29734.9,0,0
2019-04-23T14:30:00+0530,29734.5,29765.7,29707.9,29710.5,0,0
2019-04-23T14:35:00+0530,29710.25,29714.75,29595.55,29612.55,0,0
2019-04-23T14:40:00+0530,29611.4,29619.65,29531.55,29553.7,0,0
2019-04-23T14:45:00+0530,29556.15,29560.6,29499.25,29536.9,0,0
2019-04-23T14:50:00+0530,29539.2,29569.3,29520.5,29524.2,0,0
2019-04-23T14:55:00+0530,29525.95,29548.6,29508.55,29524.7,0,0
2019-04-23T15:00:00+0530,29525.15,29525.15,29466.75,29498,0,0
2019-04-23T15:05:00+0530,29499.15,29515.8,29483,29488.3,0,0
2019-04-23T15:10:00+0530,29483.5,29498.5,29458,29497.95,0,0
2019-04-23T15:15:00+0530,29497.35,29506.45,29463.35,29481.85,0,0
2019-04-23T15:20:00+0530,29483.55,29491.4,29466.95,29478.85,0,0
2019-04-23T15:25:00+0530,29477.85,29523.9,29474.7,29500.4,0,0
2019-04-24T09:15:00+0530,29550.5,29595.5,29529.4,29571.1,0,0
2019-04-24T09:20:00+0530,29570.85,29593.85,29561.25,29567.6,0,0
2019-04-24T09:25:00+0530,29568.45,29577.15,29514.45,29518.4,0,0
2019-04-24T09:30:00+0530,29520.3,29536.6,29495.55,29526.75,0,0
2019-04-24T09:35:00+0530,29534.65,29582.3,29532,29548.5,0,0
2019-04-24T09:40:00+0530,29549.65,29553.15,29512.35,29535.9,0,0
2019-04-24T09:45:00+0530,29536.85,29553.9,29533.6,29536.45,0,0
2019-04-24T09:50:00+0530,29536.75,29545.85,29522.3,29530.45,0,0
2019-04-24T09:55:00+0530,29531.9,29536.4,29514.3,29525.45,0,0
2019-04-24T10:00:00+0530,29526.4,29527.3,29473.15,29477.3,0,0
2019-04-24T10:05:00+0530,29474.75,29501.05,29469.9,29489.4,0,0
2019-04-24T10:10:00+0530,29491.1,29525.65,29488.95,29521.9,0,0
2019-04-24T10:15:00+0530,29522.3,29557.25,29520,29556.15,0,0
2019-04-24T10:20:00+0530,29555.6,29557.1,29542.7,29547.6,0,0
2019-04-24T10:25:00+0530,29546.95,29550.65,29534,29547.65,0,0
2019-04-24T10:30:00+0530,29548.6,29569.7,29547.6,29559.8,0,0
2019-04-24T10:35:00+0530,29559.05,29574.2,29556.05,29556.55,0,0
2019-04-24T10:40:00+0530,29558.35,29570.9,29557.1,29558.25,0,0
2019-04-24T10:45:00+0530,29558.25,29559.65,29537.05,29542.35,0,0
2019-04-24T10:50:00+0530,29541.95,29541.95,29510.25,29510.35,0,0
2019-04-24T10:55:00+0530,29510.7,29515.7,29472.2,29478.35,0,0
2019-04-24T11:00:00+0530,29478.25,29511.7,29476.45,29511.05,0,0
2019-04-24T11:05:00+0530,29512.15,29514.45,29485.9,29485.9,0,0
2019-04-24T11:10:00+0530,29485.05,29520,29482.9,29519,0,0
2019-04-24T11:15:00+0530,29519.95,29542.25,29518.7,29540.45,0,0
2019-04-24T11:20:00+0530,29538.85,29541,29515.35,29528.5,0,0
2019-04-24T11:25:00+0530,29528.5,29551.75,29528.5,29549.7,0,0
2019-04-24T11:30:00+0530,29549.55,29567.1,29536.25,29561.7,0,0
2019-04-24T11:35:00+0530,29561.45,29576.85,29552.45,29561.1,0,0
2019-04-24T11:40:00+0530,29561.1,29566.5,29545.6,29546.75,0,0
2019-04-24T11:45:00+0530,29547.25,29564.35,29540.15,29563.8,0,0
2019-04-24T11:50:00+0530,29564.1,29573.55,29558.5,29564.7,0,0
2019-04-24T11:55:00+0530,29564.25,29566.2,29542.5,29548.05,0,0
2019-04-24T12:00:00+0530,29549.6,29560.35,29539.4,29556.8,0,0
2019-04-24T12:05:00+0530,29556.35,29582,29554.5,29562.3,0,0
2019-04-24T12:10:00+0530,29563.65,29563.65,29549.45,29559,0,0
2019-04-24T12:15:00+0530,29559,29559.85,29525.7,29527.45,0,0
2019-04-24T12:20:00+0530,29526.55,29549.45,29524.55,29545,0,0
2019-04-24T12:25:00+0530,29545.55,29548.4,29524.7,29526.7,0,0
2019-04-24T12:30:00+0530,29526.3,29528.95,29509,29515.9,0,0
2019-04-24T12:35:00+0530,29515.7,29557,29515.7,29547.3,0,0
2019-04-24T12:40:00+0530,29549.8,29576.35,29542.2,29560.9,0,0
2019-04-24T12:45:00+0530,29560.9,29566.45,29541.8,29551.7,0,0
2019-04-24T12:50:00+0530,29551.05,29555,29526.6,29533.25,0,0
2019-04-24T12:55:00+0530,29532.65,29551.55,29527.4,29551.55,0,0
2019-04-24T13:00:00+0530,29550.9,29570,29550.25,29557.85,0,0
2019-04-24T13:05:00+0530,29558.6,29559.15,29540.4,29550.55,0,0
2019-04-24T13:10:00+0530,29551.25,29551.55,29524.9,29536.95,0,0
2019-04-24T13:15:00+0530,29536.75,29539.25,29437.1,29462.25,0,0
2019-04-24T13:20:00+0530,29462.7,29482.7,29452.4,29475,0,0
2019-04-24T13:25:00+0530,29475.4,29484.25,29465.95,29477.9,0,0
2019-04-24T13:30:00+0530,29477.7,29486,29443.7,29453.1,0,0
2019-04-24T13:35:00+0530,29452.7,29475,29450.55,29472.4,0,0
2019-04-24T13:40:00+0530,29471.85,29483.95,29452.05,29470.65,0,0
2019-04-24T13:45:00+0530,29469.6,29483.55,29460.1,29475.55,0,0
2019-04-24T13:50:00+0530,29475.8,29510.1,29471.65,29510.1,0,0
2019-04-24T13:55:00+0530,29510.7,29634.3,29509.35,29613.8,0,0
2019-04-24T14:00:00+0530,29616.1,29664.85,29609.8,29637.15,0,0
2019-04-24T14:05:00+0530,29637.85,29637.9,29593.55,29619.8,0,0
2019-04-24T14:10:00+0530,29619.7,29680.85,29619.7,29674.4,0,0
2019-04-24T14:15:00+0530,29672.6,29682,29624,29633.25,0,0
2019-04-24T14:20:00+0530,29633.85,29664.5,29631.8,29638.1,0,0
2019-04-24T14:25:00+0530,29639,29652.65,29624.75,29645.4,0,0
2019-04-24T14:30:00+0530,29646.15,29724.1,29646.15,29711.9,0,0
2019-04-24T14:35:00+0530,29709.75,29727.75,29696.35,29696.35,0,0
2019-04-24T14:40:00+0530,29695.7,29742.15,29695.7,29732.6,0,0
2019-04-24T14:45:00+0530,29736.45,29771.35,29728.65,29741.55,0,0
2019-04-24T14:50:00+0530,29741.45,29765.9,29724.95,29746.5,0,0
2019-04-24T14:55:00+0530,29745.85,29774.45,29745.85,29769.35,0,0
2019-04-24T15:00:00+0530,29767.6,29843.95,29766.25,29843.95,0,0
2019-04-24T15:05:00+0530,29843.6,29900.3,29842.6,29871.85,0,0
2019-04-24T15:10:00+0530,29873.35,29914.2,29873.35,29877.7,0,0
2019-04-24T15:15:00+0530,29880,29884.5,29857.1,29880.55,0,0
2019-04-24T15:20:00+0530,29880.15,29881.8,29842.4,29842.4,0,0
2019-04-24T15:25:00+0530,29842.3,29861.35,29822.5,29854.7,0,0
2019-04-25T09:15:00+0530,29927.05,29927.05,29835.6,29919.25,0,0
2019-04-25T09:20:00+0530,29919.5,29970.65,29916.4,29961.8,0,0
2019-04-25T09:25:00+0530,29960.3,29961,29930.95,29949.85,0,0
2019-04-25T09:30:00+0530,29950.9,29995.7,29950.3,29960.3,0,0
2019-04-25T09:35:00+0530,29959.7,29967.45,29943,29947.35,0,0
2019-04-25T09:40:00+0530,29947.35,29959.5,29915.35,29941.3,0,0
2019-04-25T09:45:00+0530,29938.7,29953,29914.45,29926.8,0,0
2019-04-25T09:50:00+0530,29927.5,29944.65,29926.35,29937.25,0,0
2019-04-25T09:55:00+0530,29941.1,29949.85,29931.2,29944.75,0,0
2019-04-25T10:00:00+0530,29943.25,29948.2,29928.8,29946.75,0,0
2019-04-25T10:05:00+0530,29945.9,29948.25,29927.1,29933.2,0,0
2019-04-25T10:10:00+0530,29932.55,29936.15,29916.35,29919.2,0,0
2019-04-25T10:15:00+0530,29917.6,29925.4,29910.45,29917.4,0,0
2019-04-25T10:20:00+0530,29918.95,29941.7,29913.4,29932.3,0,0
2019-04-25T10:25:00+0530,29934.25,29936.5,29907.85,29915.7,0,0
2019-04-25T10:30:00+0530,29912.15,29926.5,29908.3,29920.05,0,0
2019-04-25T10:35:00+0530,29920.05,29957.3,29915.35,29951.15,0,0
2019-04-25T10:40:00+0530,29950.95,29971.6,29942.7,29966.25,0,0
2019-04-25T10:45:00+0530,29966.1,29988.1,29966.1,29988.1,0,0
2019-04-25T10:50:00+0530,29988,29989.3,29967.85,29980.85,0,0
2019-04-25T10:55:00+0530,29980.5,29991.1,29970.65,29970.95,0,0
2019-04-25T11:00:00+0530,29970.9,29981.4,29962.2,29980.4,0,0
2019-04-25T11:05:00+0530,29980.85,30010.55,29976.8,30010.25,0,0
2019-04-25T11:10:00+0530,30009.3,30011.05,29990.65,29996.65,0,0
2019-04-25T11:15:00+0530,30000.25,30019,29996.65,30018.8,0,0
2019-04-25T11:20:00+0530,30016.8,30047.65,30014.25,30040.45,0,0
2019-04-25T11:25:00+0530,30040.95,30056.4,30026.2,30033,0,0
2019-04-25T11:30:00+0530,30034.15,30035.9,30001.45,30009.15,0,0
2019-04-25T11:35:00+0530,30008.85,30022.35,29993.45,29996.55,0,0
2019-04-25T11:40:00+0530,29995.35,30015.5,29991.05,30006.05,0,0
2019-04-25T11:45:00+0530,30006.5,30023.6,29973.75,29977.3,0,0
2019-04-25T11:50:00+0530,29978.2,29984.55,29958.95,29984.15,0,0
2019-04-25T11:55:00+0530,29982.05,29997.8,29980.5,29992.9,0,0
2019-04-25T12:00:00+0530,29994.75,30005.95,29987.65,30005.95,0,0
2019-04-25T12:05:00+0530,30005.75,30014,29998.45,30001.75,0,0
2019-04-25T12:10:00+0530,30004.6,30007.25,29983.7,29997.3,0,0
2019-04-25T12:15:00+0530,29995.85,30000.45,29919.15,29950,0,0
2019-04-25T12:20:00+0530,29950.45,29964.1,29940.8,29963.95,0,0
2019-04-25T12:25:00+0530,29961.8,29971.85,29927.2,29928.05,0,0
2019-04-25T12:30:00+0530,29928.55,29944.25,29916.45,29944,0,0
2019-04-25T12:35:00+0530,29944.1,29949.45,29876.25,29882.15,0,0
2019-04-25T12:40:00+0530,29882.8,29930.7,29876.95,29926.8,0,0
2019-04-25T12:45:00+0530,29926.8,29927.6,29903.65,29910.8,0,0
2019-04-25T12:50:00+0530,29910.8,29927.75,29906.85,29924.2,0,0
2019-04-25T12:55:00+0530,29923.65,29926.6,29899.65,29911.7,0,0
2019-04-25T13:00:00+0530,29911.1,29972.45,29909.6,29972,0,0
2019-04-25T13:05:00+0530,29971.35,30011.25,29969.55,30011.1,0,0
2019-04-25T13:10:00+0530,30012.05,30021.75,29984.05,29999.9,0,0
2019-04-25T13:15:00+0530,29999.85,30017.6,29932,29932.25,0,0
2019-04-25T13:20:00+0530,29932.45,29944.65,29892.05,29909.3,0,0
2019-04-25T13:25:00+0530,29908.55,29908.8,29853.1,29885,0,0
2019-04-25T13:30:00+0530,29885.85,29886.15,29837.9,29843.2,0,0
2019-04-25T13:35:00+0530,29845.2,29907.9,29832.7,29892.3,0,0
2019-04-25T13:40:00+0530,29892.6,29892.6,29858.6,29876.35,0,0
2019-04-25T13:45:00+0530,29875.6,29877.95,29838.1,29854.75,0,0
2019-04-25T13:50:00+0530,29853.95,29864.95,29817.85,29850.7,0,0
2019-04-25T13:55:00+0530,29849.55,29863.95,29826.65,29840.1,0,0
2019-04-25T14:00:00+0530,29841,29845.45,29770,29776.65,0,0
2019-04-25T14:05:00+0530,29774.2,29842,29770.65,29831.4,0,0
2019-04-25T14:10:00+0530,29832.85,29881.4,29831.7,29858.5,0,0
2019-04-25T14:15:00+0530,29858.55,29873.25,29818.45,29837.65,0,0
2019-04-25T14:20:00+0530,29838.6,29843.4,29819.55,29832.35,0,0
2019-04-25T14:25:00+0530,29833.65,29844.85,29795.8,29816.8,0,0
2019-04-25T14:30:00+0530,29815.05,29821,29794.15,29817.3,0,0
2019-04-25T14:35:00+0530,29817.8,29855.5,29810.6,29842.4,0,0
2019-04-25T14:40:00+0530,29844.05,29847.2,29777.05,29805.65,0,0
2019-04-25T14:45:00+0530,29806.75,29828.5,29802.5,29804.15,0,0
2019-04-25T14:50:00+0530,29806.9,29806.9,29724.85,29755.3,0,0
2019-04-25T14:55:00+0530,29752.6,29799,29747.25,29785.1,0,0
2019-04-25T15:00:00+0530,29784.35,29784.35,29559.85,29589.85,0,0
2019-04-25T15:05:00+0530,29595.75,29620.7,29539.8,29546.7,0,0
2019-04-25T15:10:00+0530,29549.05,29575.85,29519.6,29558.65,0,0
2019-04-25T15:15:00+0530,29561.2,29563,29515.35,29533.95,0,0
2019-04-25T15:20:00+0530,29538.45,29552.95,29521.4,29547.55,0,0
2019-04-25T15:25:00+0530,29548.15,29585.4,29525.15,29567.75,0,0
2019-04-26T09:15:00+0530,29764.85,29817.2,29658.25,29694.25,0,0
2019-04-26T09:20:00+0530,29694.05,29702.5,29625.65,29626.25,0,0
2019-04-26T09:25:00+0530,29627.05,29662.85,29611.65,29627.75,0,0
2019-04-26T09:30:00+0530,29625.65,29666.15,29618.5,29654.55,0,0
2019-04-26T09:35:00+0530,29655.6,29658.6,29628.6,29637.45,0,0
2019-04-26T09:40:00+0530,29636.3,29641.6,29590.3,29621.2,0,0
2019-04-26T09:45:00+0530,29622.8,29659.1,29616.5,29649.05,0,0
2019-04-26T09:50:00+0530,29651.3,29677.8,29651.3,29656.6,0,0
2019-04-26T09:55:00+0530,29655.2,29665.6,29636.65,29652.3,0,0
2019-04-26T10:00:00+0530,29653.9,29659.15,29631.15,29648.55,0,0
2019-04-26T10:05:00+0530,29649.15,29654.2,29619.3,29647.95,0,0
2019-04-26T10:10:00+0530,29648.25,29674,29643.35,29653.1,0,0
2019-04-26T10:15:00+0530,29653.15,29674.05,29638.05,29642.35,0,0
2019-04-26T10:20:00+0530,29640.4,29662.45,29640.4,29650.35,0,0
2019-04-26T10:25:00+0530,29646.7,29647.75,29609.2,29614.15,0,0
2019-04-26T10:30:00+0530,29612.6,29619.35,29565.1,29571,0,0
2019-04-26T10:35:00+0530,29576.2,29600,29567.65,29600,0,0
2019-04-26T10:40:00+0530,29601.85,29617.85,29593.8,29614.05,0,0
2019-04-26T10:45:00+0530,29614.7,29616.45,29578.8,29584.8,0,0
2019-04-26T10:50:00+0530,29585.05,29596.6,29575.25,29586.05,0,0
2019-04-26T10:55:00+0530,29586,29602.6,29584.65,29601.8,0,0
2019-04-26T11:00:00+0530,29600.9,29615.3,29593.25,29610.75,0,0
2019-04-26T11:05:00+0530,29608.6,29632.35,29608.6,29621.6,0,0
2019-04-26T11:10:00+0530,29618.9,29628.35,29606.2,29621.35,0,0
2019-04-26T11:15:00+0530,29621.65,29630.1,29612.95,29628.9,0,0
2019-04-26T11:20:00+0530,29628.9,29644.85,29623.35,29630.45,0,0
2019-04-26T11:25:00+0530,29630.8,29642.75,29625.65,29633.9,0,0
2019-04-26T11:30:00+0530,29633.9,29652.05,29632.55,29650.95,0,0
2019-04-26T11:35:00+0530,29650.5,29670.85,29648.85,29662.35,0,0
2019-04-26T11:40:00+0530,29664.75,29688.7,29660.55,29669,0,0
2019-04-26T11:45:00+0530,29671.35,29678.65,29644.15,29654.45,0,0
2019-04-26T11:50:00+0530,29657.75,29661.65,29632.5,29655.25,0,0
2019-04-26T11:55:00+0530,29655.05,29688.05,29653.45,29679.65,0,0
2019-04-26T12:00:00+0530,29679.1,29687.2,29672.8,29685.7,0,0
2019-04-26T12:05:00+0530,29685,29698.95,29673.7,29698.95,0,0
2019-04-26T12:10:00+0530,29698.45,29733.8,29695.8,29725.25,0,0
2019-04-26T12:15:00+0530,29724.2,29731.4,29701.5,29706.9,0,0
2019-04-26T12:20:00+0530,29709.45,29709.6,29674.4,29680.65,0,0
2019-04-26T12:25:00+0530,29680,29681.5,29655.45,29672.9,0,0
2019-04-26T12:30:00+0530,29677.4,29703.55,29674.25,29697.7,0,0
2019-04-26T12:35:00+0530,29696.8,29709.45,29691.45,29695.25,0,0
2019-04-26T12:40:00+0530,29695.7,29704.95,29685.35,29686.4,0,0
2019-04-26T12:45:00+0530,29686.55,29707.05,29686.55,29699.45,0,0
2019-04-26T12:50:00+0530,29695.95,29709.85,29686.55,29704.05,0,0
2019-04-26T12:55:00+0530,29696.95,29706.55,29652.6,29657.9,0,0
2019-04-26T13:00:00+0530,29659.25,29660.65,29612.9,29649.75,0,0
2019-04-26T13:05:00+0530,29648.1,29651.5,29630.15,29641.8,0,0
2019-04-26T13:10:00+0530,29639.6,29679.05,29631.55,29672.25,0,0
2019-04-26T13:15:00+0530,29667.35,29673.25,29645.6,29667.15,0,0
2019-04-26T13:20:00+0530,29665.95,29695.35,29662.7,29689.75,0,0
2019-04-26T13:25:00+0530,29690.05,29701.7,29667.35,29700.95,0,0
2019-04-26T13:30:00+0530,29700.9,29712.25,29689.05,29699.3,0,0
2019-04-26T13:35:00+0530,29697.7,29717.5,29686.7,29715.55,0,0
2019-04-26T13:40:00+0530,29714.8,29731.5,29689.85,29728.5,0,0
2019-04-26T13:45:00+0530,29729.6,29737.45,29708.35,29709.95,0,0
2019-04-26T13:50:00+0530,29711.05,29715.2,29675.2,29708.1,0,0
2019-04-26T13:55:00+0530,29704.8,29848.35,29704.8,29848.35,0,0
2019-04-26T14:00:00+0530,29850.95,29899.6,29842.8,29883,0,0
2019-04-26T14:05:00+0530,29884.55,29915.15,29853.65,29915.15,0,0
2019-04-26T14:10:00+0530,29918.3,29955.65,29912.35,29942.15,0,0
2019-04-26T14:15:00+0530,29941.2,29987.05,29941.2,29970.95,0,0
2019-04-26T14:20:00+0530,29971.25,30037.55,29954.8,30026.55,0,0
2019-04-26T14:25:00+0530,30027.35,30028.75,29969.25,29973.85,0,0
2019-04-26T14:30:00+0530,29974.25,29981.05,29923.1,29958.45,0,0
2019-04-26T14:35:00+0530,29958.85,29972.3,29932.85,29945.1,0,0
2019-04-26T14:40:00+0530,29943.4,29964.45,29937.1,29964.45,0,0
2019-04-26T14:45:00+0530,29962,29997.15,29958.25,29958.55,0,0
2019-04-26T14:50:00+0530,29957.8,29982.35,29948.9,29959.6,0,0
2019-04-26T14:55:00+0530,29959.35,29959.85,29938.25,29948.5,0,0
2019-04-26T15:00:00+0530,29951.15,30034.45,29951.15,30024.35,0,0
2019-04-26T15:05:00+0530,30026,30035.75,30005.65,30031.65,0,0
2019-04-26T15:10:00+0530,30030.65,30047.3,30018.95,30034.7,0,0
2019-04-26T15:15:00+0530,30035.15,30045.8,30013.85,30029.15,0,0
2019-04-26T15:20:00+0530,30025.45,30030.8,29983.25,29987.25,0,0
2019-04-26T15:25:00+0530,29989.1,29993.6,29955.3,29980.8,0,0
2019-04-30T09:15:00+0530,29920.4,29920.4,29679.95,29784,0,0
2019-04-30T09:20:00+0530,29785.05,29790.25,29745.55,29771.1,0,0
2019-04-30T09:25:00+0530,29771.85,29781.55,29738.7,29746.7,0,0
2019-04-30T09:30:00+0530,29744.2,29746.7,29714.35,29725.05,0,0
2019-04-30T09:35:00+0530,29726.25,29730.05,29705.4,29717.5,0,0
2019-04-30T09:40:00+0530,29722,29731.55,29694.05,29726.55,0,0
2019-04-30T09:45:00+0530,29727.25,29727.25,29658,29671.1,0,0
2019-04-30T09:50:00+0530,29673.95,29673.95,29584.85,29614.2,0,0
2019-04-30T09:55:00+0530,29612.15,29631.4,29593.65,29609.4,0,0
2019-04-30T10:00:00+0530,29610.55,29611.95,29550.85,29575.9,0,0
2019-04-30T10:05:00+0530,29576.6,29595.15,29564.95,29580.95,0,0
2019-04-30T10:10:00+0530,29579.5,29614.2,29578.35,29603.4,0,0
2019-04-30T10:15:00+0530,29601.2,29614.9,29592.2,29607.7,0,0
2019-04-30T10:20:00+0530,29609.2,29626.6,29590.45,29621.4,0,0
2019-04-30T10:25:00+0530,29621.95,29621.95,29593.3,29602.65,0,0
2019-04-30T10:30:00+0530,29603.35,29618.3,29592.3,29611.45,0,0
2019-04-30T10:35:00+0530,29610.75,29621.9,29577.85,29603,0,0
2019-04-30T10:40:00+0530,29603.45,29632.8,29603,29622.2,0,0
2019-04-30T10:45:00+0530,29622.25,29649.4,29619.95,29637.25,0,0
2019-04-30T10:50:00+0530,29640.1,29645.7,29626.8,29636.45,0,0
2019-04-30T10:55:00+0530,29635.85,29682.2,29633.1,29668.3,0,0
2019-04-30T11:00:00+0530,29670.55,29698.3,29666.75,29697.3,0,0
2019-04-30T11:05:00+0530,29695.6,29697,29667.5,29676,0,0
2019-04-30T11:10:00+0530,29673.85,29721.75,29672.4,29717.1,0,0
2019-04-30T11:15:00+0530,29715.7,29724.1,29688.65,29696.1,0,0
2019-04-30T11:20:00+0530,29698.6,29712.3,29679.55,29705.05,0,0
2019-04-30T11:25:00+0530,29704.95,29721.85,29699.9,29715.5,0,0
2019-04-30T11:30:00+0530,29716.65,29748.85,29714.05,29734.7,0,0
2019-04-30T11:35:00+0530,29736.45,29740.5,29723.6,29731.95,0,0
2019-04-30T11:40:00+0530,29731.85,29735.25,29699.7,29704.45,0,0
2019-04-30T11:45:00+0530,29705.7,29705.8,29655,29670,0,0
2019-04-30T11:50:00+0530,29669.7,29694.8,29663.45,29690.85,0,0
2019-04-30T11:55:00+0530,29693.4,29694.15,29670.35,29683.1,0,0
2019-04-30T12:00:00+0530,29682.3,29684.75,29665.3,29675.55,0,0
2019-04-30T12:05:00+0530,29678.25,29688.75,29665.35,29678.4,0,0
2019-04-30T12:10:00+0530,29677.9,29714.2,29676.05,29704.9,0,0
2019-04-30T12:15:00+0530,29705.8,29719.9,29696.55,29714.4,0,0
2019-04-30T12:20:00+0530,29715.65,29719.1,29694.2,29711.35,0,0
2019-04-30T12:25:00+0530,29710.85,29718.15,29685.6,29707.15,0,0
2019-04-30T12:30:00+0530,29706.7,29708.7,29683.45,29689.3,0,0
2019-04-30T12:35:00+0530,29691.2,29698.15,29680.95,29685.15,0,0
2019-04-30T12:40:00+0530,29686.1,29738.15,29680.9,29726.1,0,0
2019-04-30T12:45:00+0530,29725.75,29726.6,29689.5,29713.55,0,0
2019-04-30T12:50:00+0530,29711.2,29723,29695,29699.75,0,0
2019-04-30T12:55:00+0530,29703.7,29707.3,29626.55,29644.5,0,0
2019-04-30T13:00:00+0530,29647.1,29679.25,29645.15,29665.55,0,0
2019-04-30T13:05:00+0530,29667.1,29683.15,29662.2,29666,0,0
2019-04-30T13:10:00+0530,29670.65,29707.75,29663.35,29706.65,0,0
2019-04-30T13:15:00+0530,29706.6,29728.05,29700.9,29706.45,0,0
2019-04-30T13:20:00+0530,29701.4,29703.35,29680.7,29690.4,0,0
2019-04-30T13:25:00+0530,29691.6,29717.35,29691,29708.15,0,0
2019-04-30T13:30:00+0530,29708.5,29712.4,29667.15,29686,0,0
2019-04-30T13:35:00+0530,29685.25,29712.65,29674.85,29702.1,0,0
2019-04-30T13:40:00+0530,29703.15,29709.5,29642.65,29675.3,0,0
2019-04-30T13:45:00+0530,29678.4,29685.65,29669.45,29673.25,0,0
2019-04-30T13:50:00+0530,29673.2,29674.9,29600.25,29632.65,0,0
2019-04-30T13:55:00+0530,29632.05,29646.1,29617.5,29630.65,0,0
2019-04-30T14:00:00+0530,29633.3,29697,29585.75,29682.8,0,0
2019-04-30T14:05:00+0530,29682.15,29766.6,29680.1,29707.65,0,0
2019-04-30T14:10:00+0530,29708.6,29735.65,29705.95,29721.6,0,0
2019-04-30T14:15:00+0530,29720.9,29728.6,29661.3,29699.25,0,0
2019-04-30T14:20:00+0530,29699.6,29709.4,29650.05,29663.95,0,0
2019-04-30T14:25:00+0530,29670.25,29688.7,29630.7,29655.35,0,0
2019-04-30T14:30:00+0530,29654.55,29666.15,29610.4,29638.65,0,0
2019-04-30T14:35:00+0530,29643.95,29665.15,29634.3,29657.45,0,0
2019-04-30T14:40:00+0530,29662.95,29680.4,29619.8,29673.4,0,0
2019-04-30T14:45:00+0530,29670.6,29741.9,29666,29691.7,0,0
2019-04-30T14:50:00+0530,29696.8,29731.6,29681.8,29688.6,0,0
2019-04-30T14:55:00+0530,29689.95,29768.55,29689.15,29766.05,0,0
2019-04-30T15:00:00+0530,29769.35,29771.25,29721.1,29746.4,0,0
2019-04-30T15:05:00+0530,29745.95,29819.45,29739.95,29807.3,0,0
2019-04-30T15:10:00+0530,29807.1,29822.75,29766.3,29772.85,0,0
2019-04-30T15:15:00+0530,29774.6,29783.45,29747.8,29764.85,0,0
2019-04-30T15:20:00+0530,29768.25,29778.45,29752.85,29753.05,0,0
2019-04-30T15:25:00+0530,29754.2,29755.9,29726.2,29729.45,0,0
